Area_name,FIPS,VETS
UNITED STATES,0,8380356
ALABAMA,1000,147061
"Autauga, AL",1001,2203
"Baldwin, AL",1003,5920
"Barbour, AL",1005,990
"Bibb, AL",1007,560
"Blount, AL",1009,1441
"Bullock, AL",1011,231
"Butler, AL",1013,559
"Calhoun, AL",1015,5032
"Chambers, AL",1017,1223
"Cherokee, AL",1019,787
"Chilton, AL",1021,1279
"Choctaw, AL",1023,296
"Clarke, AL",1025,534
"Clay, AL",1027,383
"Cleburne, AL",1029,417
"Coffee, AL",1031,2298
"Colbert, AL",1033,1744
"Conecuh, AL",1035,516
"Coosa, AL",1037,354
"Covington, AL",1039,1218
"Crenshaw, AL",1041,413
"Cullman, AL",1043,2410
"Dale, AL",1045,2776
"Dallas, AL",1047,1287
"DeKalb, AL",1049,1581
"Elmore, AL",1051,2808
"Escambia, AL",1053,1276
"Etowah, AL",1055,3270
"Fayette, AL",1057,446
"Franklin, AL",1059,581
"Geneva, AL",1061,959
"Greene, AL",1063,168
"Hale, AL",1065,354
"Henry, AL",1067,580
"Houston, AL",1069,3106
"Jackson, AL",1071,1708
"Jefferson, AL",1073,19038
"Lamar, AL",1075,554
"Lauderdale, AL",1077,2682
"Lawrence, AL",1079,801
"Lee, AL",1081,3645
"Limestone, AL",1083,2493
"Lowndes, AL",1085,278
"Macon, AL",1087,665
"Madison, AL",1089,12009
"Marengo, AL",1091,479
"Marion, AL",1093,941
"Marshall, AL",1095,2604
"Mobile, AL",1097,13239
"Monroe, AL",1099,466
"Montgomery, AL",1101,8329
"Morgan, AL",1103,3841
"Perry, AL",1105,205
"Pickens, AL",1107,417
"Pike, AL",1109,781
"Randolph, AL",1111,588
"Russell, AL",1113,1768
"St. Clair, AL",1115,2252
"Shelby, AL",1117,4392
"Sumter, AL",1119,206
"Talladega, AL",1121,2570
"Tallapoosa, AL",1123,1385
"Tuscaloosa, AL",1125,4866
"Walker, AL",1127,2447
"Washington, AL",1129,468
"Wilcox, AL",1131,207
"Winston, AL",1133,737
ALASKA,2000,29512
"Aleutians East, AK",2013,59
"Aleutians West, AK",2016,186
"Anchorage, AK",2020,12801
"Bethel, AK",2050,314
"Bristol Bay, AK",2060,63
"Denali, AK",2068,137
"Dillingham, AK",2070,107
"Fairbanks North Star, AK",2090,3837
"Haines, AK",2100,148
"Hoonah-Angoon, AK",2105,174
"Juneau, AK",2110,1171
"Kenai Peninsula, AK",2122,2823
"Ketchikan Gateway, AK",2130,736
"Kodiak Island, AK",2150,519
"Lake and Peninsula, AK",2164,47
"Matanuska-Susitna, AK",2170,3368
"Nome, AK",2180,310
"North Slope, AK",2185,183
"Northwest Arctic, AK",2188,206
"Petersburg, AK",2195,264
"Prince of Wales-Hyder, AK",2198,282
"Sitka, AK",2220,365
"Skagway, AK",2230,0
"Southeast Fairbanks, AK",2240,408
"Valdez-Cordova, AK",2261,561
"Wade Hampton, AK",2270,95
"Wrangell, AK",2275,0
"Yakutat, AK",2282,48
"Yukon-Koyukuk, AK",2290,300
ARIZONA,4000,172688
"Apache, AZ",4001,1574
"Cochise, AZ",4003,7030
"Coconino, AZ",4005,3563
"Gila, AZ",4007,2209
"Graham, AZ",4009,857
"Greenlee, AZ",4011,373
"La Paz, AZ",4012,804
"Maricopa, AZ",4013,93671
"Mohave, AZ",4015,7242
"Navajo, AZ",4017,2559
"Pima, AZ",4019,33131
"Pinal, AZ",4021,6560
"Santa Cruz, AZ",4023,621
"Yavapai, AZ",4025,7826
"Yuma, AZ",4027,4668
ARKANSAS,5000,90041
"Arkansas, AR",5001,538
"Ashley, AR",5003,718
"Baxter, AR",5005,1718
"Benton, AR",5007,5006
"Boone, AR",5009,1108
"Bradley, AR",5011,358
"Calhoun, AR",5013,166
"Carroll, AR",5015,983
"Chicot, AR",5017,255
"Clark, AR",5019,600
"Clay, AR",5021,596
"Cleburne, AR",5023,1112
"Cleveland, AR",5025,302
"Columbia, AR",5027,615
"Conway, AR",5029,676
"Craighead, AR",5031,2536
"Crawford, AR",5033,2069
"Crittenden, AR",5035,1353
"Cross, AR",5037,543
"Dallas, AR",5039,242
"Desha, AR",5041,389
"Drew, AR",5043,493
"Faulkner, AR",5045,2888
"Franklin, AR",5047,666
"Fulton, AR",5049,477
"Garland, AR",5051,3066
"Grant, AR",5053,609
"Greene, AR",5055,1197
"Hempstead, AR",5057,579
"Hot Spring, AR",5059,1151
"Howard, AR",5061,327
"Independence, AR",5063,1139
"Izard, AR",5065,492
"Jackson, AR",5067,525
"Jefferson, AR",5069,2934
"Johnson, AR",5071,756
"Lafayette, AR",5073,293
"Lawrence, AR",5075,524
"Lee, AR",5077,270
"Lincoln, AR",5079,454
"Little River, AR",5081,462
"Logan, AR",5083,871
"Lonoke, AR",5085,1934
"Madison, AR",5087,441
"Marion, AR",5089,906
"Miller, AR",5091,1406
"Mississippi, AR",5093,1596
"Monroe, AR",5095,184
"Montgomery, AR",5097,375
"Nevada, AR",5099,307
"Newton, AR",5101,294
"Ouachita, AR",5103,847
"Perry, AR",5105,442
"Phillips, AR",5107,581
"Pike, AR",5109,384
"Poinsett, AR",5111,692
"Polk, AR",5113,894
"Pope, AR",5115,1798
"Prairie, AR",5117,291
"Pulaski, AR",5119,14299
"Randolph, AR",5121,720
"St. Francis, AR",5123,790
"Saline, AR",5125,3048
"Scott, AR",5127,338
"Searcy, AR",5129,317
"Sebastian, AR",5131,3790
"Sevier, AR",5133,415
"Sharp, AR",5135,697
"Stone, AR",5137,537
"Union, AR",5139,1154
"Van Buren, AR",5141,691
"Washington, AR",5143,4734
"White, AR",5145,2264
"Woodruff, AR",5147,251
"Yell, AR",5149,568
CALIFORNIA,6000,831699
"Alameda, CA",6001,33038
"Alpine, CA",6003,43
"Amador, CA",6005,1524
"Butte, CA",6007,6798
"Calaveras, CA",6009,2206
"Colusa, CA",6011,478
"Contra Costa, CA",6013,26648
"Del Norte, CA",6015,1186
"El Dorado, CA",6017,6669
"Fresno, CA",6019,18130
"Glenn, CA",6021,700
"Humboldt, CA",6023,4747
"Imperial, CA",6025,2221
"Inyo, CA",6027,748
"Kern, CA",6029,18240
"Kings, CA",6031,4360
"Lake, CA",6033,2767
"Lassen, CA",6035,1707
"Los Angeles, CA",6037,144937
"Madera, CA",6039,3210
"Marin, CA",6041,7329
"Mariposa, CA",6043,898
"Mendocino, CA",6045,3085
"Merced, CA",6047,5826
"Modoc, CA",6049,381
"Mono, CA",6051,459
"Monterey, CA",6053,11763
"Napa, CA",6055,4207
"Nevada, CA",6057,4508
"Orange, CA",6059,63024
"Placer, CA",6061,10235
"Plumas, CA",6063,945
"Riverside, CA",6065,42630
"Sacramento, CA",6067,43202
"San Benito, CA",6069,1402
"San Bernardino, CA",6071,48850
"San Diego, CA",6073,99345
"San Francisco, CA",6075,12237
"San Joaquin, CA",6077,14804
"San Luis Obispo, CA",6079,8875
"San Mateo, CA",6081,15019
"Santa Barbara, CA",6083,11825
"Santa Clara, CA",6085,35236
"Santa Cruz, CA",6087,7277
"Shasta, CA",6089,6825
"Sierra, CA",6091,192
"Siskiyou, CA",6093,1991
"Solano, CA",6095,18304
"Sonoma, CA",6097,15198
"Stanislaus, CA",6099,10691
"Sutter, CA",6101,2840
"Tehama, CA",6103,2089
"Trinity, CA",6105,739
"Tulare, CA",6107,7813
"Tuolumne, CA",6109,2494
"Ventura, CA",6111,22476
"Yolo, CA",6113,3793
"Yuba, CA",6115,2535
COLORADO,8000,162040
"Adams, CO",8001,11951
"Alamosa, CO",8003,402
"Arapahoe, CO",8005,19637
"Archuleta, CO",8007,469
"Baca, CO",8009,108
"Bent, CO",8011,287
"Boulder, CO",8013,8067
"Broomfield, CO",8014,0
"Chaffee, CO",8015,687
"Cheyenne, CO",8017,66
"Clear Creek, CO",8019,486
"Conejos, CO",8021,247
"Costilla, CO",8023,138
"Crowley, CO",8025,257
"Custer, CO",8027,225
"Delta, CO",8029,1147
"Denver, CO",8031,14793
"Dolores, CO",8033,81
"Douglas, CO",8035,6470
"Eagle, CO",8037,965
"Elbert, CO",8039,1046
"El Paso, CO",8041,29991
"Fremont, CO",8043,2516
"Garfield, CO",8045,1364
"Gilpin, CO",8047,349
"Grand, CO",8049,559
"Gunnison, CO",8051,449
"Hinsdale, CO",8053,24
"Huerfano, CO",8055,368
"Jackson, CO",8057,65
"Jefferson, CO",8059,21150
"Kiowa, CO",8061,49
"Kit Carson, CO",8063,202
"Lake, CO",8065,200
"La Plata, CO",8067,1613
"Larimer, CO",8069,8192
"Las Animas, CO",8071,618
"Lincoln, CO",8073,282
"Logan, CO",8075,605
"Mesa, CO",8077,4685
"Mineral, CO",8079,33
"Moffat, CO",8081,565
"Montezuma, CO",8083,917
"Montrose, CO",8085,1235
"Morgan, CO",8087,689
"Otero, CO",8089,738
"Ouray, CO",8091,187
"Park, CO",8093,892
"Phillips, CO",8095,103
"Pitkin, CO",8097,458
"Prowers, CO",8099,306
"Pueblo, CO",8101,5118
"Rio Blanco, CO",8103,207
"Rio Grande, CO",8105,431
"Routt, CO",8107,640
"Saguache, CO",8109,175
"San Juan, CO",8111,37
"San Miguel, CO",8113,228
"Sedgwick, CO",8115,98
"Summit, CO",8117,750
"Teller, CO",8119,1354
"Washington, CO",8121,200
"Weld, CO",8123,5615
"Yuma, CO",8125,254
CONNECTICUT,9000,91649
"Fairfield, CT",9001,18821
"Hartford, CT",9003,21778
"Litchfield, CT",9005,6047
"Middlesex, CT",9007,5338
"New Haven, CT",9009,20839
"New London, CT",9011,10589
"Tolland, CT",9013,4519
"Windham, CT",9015,3718
DELAWARE,10000,26742
"Kent, DE",10001,6212
"New Castle, DE",10003,14597
"Sussex, DE",10005,5933
DISTRICT OF COLUMBIA,11000,13103
District of Columbia,11001,13103
FLORIDA,12000,524951
"Alachua, FL",12001,6219
"Baker, FL",12003,899
"Bay, FL",12005,8991
"Bradford, FL",12007,1099
"Brevard, FL",12009,25406
"Broward, FL",12011,35550
"Calhoun, FL",12013,442
"Charlotte, FL",12015,5338
"Citrus, FL",12017,5369
"Clay, FL",12019,9241
"Collier, FL",12021,6727
"Columbia, FL",12023,2849
"DeSoto, FL",12027,781
"Dixie, FL",12029,687
"Duval, FL",12031,32979
"Escambia, FL",12033,16869
"Flagler, FL",12035,2088
"Franklin, FL",12037,626
"Gadsden, FL",12039,1474
"Gilchrist, FL",12041,580
"Glades, FL",12043,348
"Gulf, FL",12045,646
"Hamilton, FL",12047,483
"Hardee, FL",12049,515
"Hendry, FL",12051,792
"Hernando, FL",12053,5472
"Highlands, FL",12055,2712
"Hillsborough, FL",12057,35705
"Holmes, FL",12059,919
"Indian River, FL",12061,3462
"Jackson, FL",12063,1897
"Jefferson, FL",12065,541
"Lafayette, FL",12067,263
"Lake, FL",12069,8283
"Lee, FL",12071,14696
"Leon, FL",12073,7168
"Levy, FL",12075,1642
"Liberty, FL",12077,337
"Madison, FL",12079,635
"Manatee, FL",12081,8825
"Marion, FL",12083,10281
"Martin, FL",12085,4367
"Miami-Dade, FL",12086,26995
"Monroe, FL",12087,4488
"Nassau, FL",12089,3013
"Okaloosa, FL",12091,14216
"Okeechobee, FL",12093,1156
"Orange, FL",12095,28122
"Osceola, FL",12097,5388
"Palm Beach, FL",12099,25886
"Pasco, FL",12101,12847
"Pinellas, FL",12103,37460
"Polk, FL",12105,16729
"Putnam, FL",12107,2947
"St. Johns, FL",12109,5496
"St. Lucie, FL",12111,6107
"Santa Rosa, FL",12113,7588
"Sarasota, FL",12115,10345
"Seminole, FL",12117,14369
"Sumter, FL",12119,2137
"Suwannee, FL",12121,1538
"Taylor, FL",12123,891
"Union, FL",12125,653
"Volusia, FL",12127,17792
"Wakulla, FL",12129,1090
"Walton, FL",12131,2415
"Washington, FL",12133,1080
GEORGIA,13000,264393
"Appling, GA",13001,455
"Atkinson, GA",13003,169
"Bacon, GA",13005,250
"Baker, GA",13007,113
"Baldwin, GA",13009,1549
"Banks, GA",13011,479
"Barrow, GA",13013,1358
"Bartow, GA",13015,2502
"Ben Hill, GA",13017,567
"Berrien, GA",13019,583
"Bibb, GA",13021,4777
"Bleckley, GA",13023,418
"Brantley, GA",13025,551
"Brooks, GA",13027,471
"Bryan, GA",13029,916
"Bulloch, GA",13031,1612
"Burke, GA",13033,638
"Butts, GA",13035,838
"Calhoun, GA",13037,120
"Camden, GA",13039,1695
"Candler, GA",13043,265
"Carroll, GA",13045,2427
"Catoosa, GA",13047,1826
"Charlton, GA",13049,329
"Chatham, GA",13051,8559
"Chattahoochee, GA",13053,182
"Chattooga, GA",13055,822
"Cherokee, GA",13057,5129
"Clarke, GA",13059,1887
"Clay, GA",13061,93
"Clayton, GA",13063,7637
"Clinch, GA",13065,131
"Cobb, GA",13067,20384
"Coffee, GA",13069,854
"Colquitt, GA",13071,1227
"Columbia, GA",13073,4959
"Cook, GA",13075,415
"Coweta, GA",13077,3205
"Crawford, GA",13079,398
"Crisp, GA",13081,585
"Dade, GA",13083,469
"Dawson, GA",13085,523
"Decatur, GA",13087,786
"DeKalb, GA",13089,16670
"Dodge, GA",13091,501
"Dooly, GA",13093,328
"Dougherty, GA",13095,3586
"Douglas, GA",13097,3504
"Early, GA",13099,268
"Echols, GA",13101,80
"Effingham, GA",13103,1722
"Elbert, GA",13105,645
"Emanuel, GA",13107,436
"Evans, GA",13109,266
"Fannin, GA",13111,657
"Fayette, GA",13113,4705
"Floyd, GA",13115,2826
"Forsyth, GA",13117,3501
"Franklin, GA",13119,688
"Fulton, GA",13121,20704
"Gilmer, GA",13123,925
"Glascock, GA",13125,58
"Glynn, GA",13127,2786
"Gordon, GA",13129,1251
"Grady, GA",13131,639
"Greene, GA",13133,561
"Gwinnett, GA",13135,16655
"Habersham, GA",13137,1156
"Hall, GA",13139,4001
"Hancock, GA",13141,275
"Haralson, GA",13143,787
"Harris, GA",13145,1319
"Hart, GA",13147,708
"Heard, GA",13149,285
"Henry, GA",13151,4430
"Houston, GA",13153,6886
"Irwin, GA",13155,246
"Jackson, GA",13157,1213
"Jasper, GA",13159,349
"Jeff Davis, GA",13161,394
"Jefferson, GA",13163,354
"Jenkins, GA",13165,195
"Johnson, GA",13167,184
"Jones, GA",13169,722
"Lamar, GA",13171,552
"Lanier, GA",13173,284
"Laurens, GA",13175,1439
"Lee, GA",13177,1056
"Liberty, GA",13179,1925
"Lincoln, GA",13181,319
"Long, GA",13183,359
"Lowndes, GA",13185,3251
"Lumpkin, GA",13187,725
"McDuffie, GA",13189,811
"McIntosh, GA",13191,466
"Macon, GA",13193,296
"Madison, GA",13195,924
"Marion, GA",13197,265
"Meriwether, GA",13199,547
"Miller, GA",13201,111
"Mitchell, GA",13205,646
"Monroe, GA",13207,755
"Montgomery, GA",13209,180
"Morgan, GA",13211,372
"Murray, GA",13213,1033
"Muscogee, GA",13215,9245
"Newton, GA",13217,1927
"Oconee, GA",13219,911
"Oglethorpe, GA",13221,420
"Paulding, GA",13223,2466
"Peach, GA",13225,843
"Pickens, GA",13227,801
"Pierce, GA",13229,513
"Pike, GA",13231,474
"Polk, GA",13233,1234
"Pulaski, GA",13235,263
"Putnam, GA",13237,829
"Quitman, GA",13239,70
"Rabun, GA",13241,587
"Randolph, GA",13243,183
"Richmond, GA",13245,8834
"Rockdale, GA",13247,3015
"Schley, GA",13249,118
"Screven, GA",13251,421
"Seminole, GA",13253,315
"Spalding, GA",13255,1915
"Stephens, GA",13257,736
"Stewart, GA",13259,107
"Sumter, GA",13261,785
"Talbot, GA",13263,234
"Taliaferro, GA",13265,30
"Tattnall, GA",13267,672
"Taylor, GA",13269,213
"Telfair, GA",13271,292
"Terrell, GA",13273,265
"Thomas, GA",13275,1295
"Tift, GA",13277,1013
"Toombs, GA",13279,750
"Towns, GA",13281,305
"Treutlen, GA",13283,163
"Troup, GA",13285,1908
"Turner, GA",13287,227
"Twiggs, GA",13289,316
"Union, GA",13291,807
"Upson, GA",13293,949
"Walker, GA",13295,1820
"Walton, GA",13297,1760
"Ware, GA",13299,1301
"Warren, GA",13301,122
"Washington, GA",13303,575
"Wayne, GA",13305,1002
"Webster, GA",13307,74
"Wheeler, GA",13309,192
"White, GA",13311,704
"Whitfield, GA",13313,2016
"Wilcox, GA",13315,275
"Wilkes, GA",13317,239
"Wilkinson, GA",13319,231
"Worth, GA",13321,696
HAWAII,15000,41630
"Hawaii, HI",15001,6210
"Honolulu, HI",15003,29291
"Kalawao, HI",15005,0
"Kauai, HI",15007,2142
"Maui, HI",15009,3987
IDAHO,16000,44103
"Ada, ID",16001,11406
"Adams, ID",16003,178
"Bannock, ID",16005,2288
"Bear Lake, ID",16007,177
"Benewah, ID",16009,385
"Bingham, ID",16011,1100
"Blaine, ID",16013,565
"Boise, ID",16015,404
"Bonner, ID",16017,2029
"Bonneville, ID",16019,2582
"Boundary, ID",16021,367
"Butte, ID",16023,107
"Camas, ID",16025,38
"Canyon, ID",16027,3456
"Caribou, ID",16029,239
"Cassia, ID",16031,463
"Clark, ID",16033,15
"Clearwater, ID",16035,402
"Custer, ID",16037,213
"Elmore, ID",16039,1351
"Franklin, ID",16041,186
"Fremont, ID",16043,348
"Gem, ID",16045,542
"Gooding, ID",16047,378
"Idaho, ID",16049,695
"Jefferson, ID",16051,477
"Jerome, ID",16053,541
"Kootenai, ID",16055,4685
"Latah, ID",16057,983
"Lemhi, ID",16059,378
"Lewis, ID",16061,151
"Lincoln, ID",16063,135
"Madison, ID",16065,351
"Minidoka, ID",16067,457
"Nez Perce, ID",16069,1307
"Oneida, ID",16071,94
"Owyhee, ID",16073,288
"Payette, ID",16075,624
"Power, ID",16077,209
"Shoshone, ID",16079,696
"Teton, ID",16081,100
"Twin Falls, ID",16083,1977
"Valley, ID",16085,419
"Washington, ID",16087,317
ILLINOIS,17000,302555
"Adams, IL",17001,2190
"Alexander, IL",17003,370
"Bond, IL",17005,528
"Boone, IL",17007,1277
"Brown, IL",17009,194
"Bureau, IL",17011,1121
"Calhoun, IL",17013,202
"Carroll, IL",17015,609
"Cass, IL",17017,470
"Champaign, IL",17019,4096
"Christian, IL",17021,1070
"Clark, IL",17023,557
"Clay, IL",17025,441
"Clinton, IL",17027,1305
"Coles, IL",17029,1489
"Cook, IL",17031,96463
"Crawford, IL",17033,738
"Cumberland, IL",17035,317
"DeKalb, IL",17037,2004
"De Witt, IL",17039,648
"Douglas, IL",17041,505
"DuPage, IL",17043,20810
"Edgar, IL",17045,533
"Edwards, IL",17047,217
"Effingham, IL",17049,1052
"Fayette, IL",17051,573
"Ford, IL",17053,473
"Franklin, IL",17055,1443
"Fulton, IL",17057,1216
"Gallatin, IL",17059,231
"Greene, IL",17061,464
"Grundy, IL",17063,1186
"Hamilton, IL",17065,292
"Hancock, IL",17067,601
"Hardin, IL",17069,165
"Henderson, IL",17071,318
"Henry, IL",17073,1812
"Iroquois, IL",17075,1028
"Jackson, IL",17077,1619
"Jasper, IL",17079,303
"Jefferson, IL",17081,1345
"Jersey, IL",17083,819
"Jo Daviess, IL",17085,710
"Johnson, IL",17087,474
"Kane, IL",17089,9084
"Kankakee, IL",17091,2930
"Kendall, IL",17093,1715
"Knox, IL",17095,1849
"Lake, IL",17097,15947
"LaSalle, IL",17099,3531
"Lawrence, IL",17101,387
"Lee, IL",17103,1000
"Livingston, IL",17105,1295
"Logan, IL",17107,899
"McDonough, IL",17109,917
"McHenry, IL",17111,8033
"McLean, IL",17113,3950
"Macon, IL",17115,4029
"Macoupin, IL",17117,1749
"Madison, IL",17119,9236
"Marion, IL",17121,1349
"Marshall, IL",17123,438
"Mason, IL",17125,644
"Massac, IL",17127,500
"Menard, IL",17129,422
"Mercer, IL",17131,700
"Monroe, IL",17133,1002
"Montgomery, IL",17135,912
"Morgan, IL",17137,1170
"Moultrie, IL",17139,442
"Ogle, IL",17141,1460
"Peoria, IL",17143,5426
"Perry, IL",17145,728
"Piatt, IL",17147,630
"Pike, IL",17149,518
"Pope, IL",17151,239
"Pulaski, IL",17153,196
"Putnam, IL",17155,230
"Randolph, IL",17157,1217
"Richland, IL",17159,509
"Rock Island, IL",17161,5106
"St. Clair, IL",17163,10120
"Saline, IL",17165,1029
"Sangamon, IL",17167,6231
"Schuyler, IL",17169,277
"Scott, IL",17171,197
"Shelby, IL",17173,857
"Stark, IL",17175,221
"Stephenson, IL",17177,1504
"Tazewell, IL",17179,4534
"Union, IL",17181,622
"Vermilion, IL",17183,2836
"Wabash, IL",17185,484
"Warren, IL",17187,593
"Washington, IL",17189,494
"Wayne, IL",17191,492
"White, IL",17193,538
"Whiteside, IL",17195,1898
"Will, IL",17197,13600
"Williamson, IL",17199,2252
"Winnebago, IL",17201,7954
"Woodford, IL",17203,1155
INDIANA,18000,184639
"Adams, IN",18001,655
"Allen, IN",18003,9588
"Bartholomew, IN",18005,2228
"Benton, IN",18007,244
"Blackford, IN",18009,394
"Boone, IN",18011,1203
"Brown, IN",18013,732
"Carroll, IN",18015,521
"Cass, IN",18017,1448
"Clark, IN",18019,3433
"Clay, IN",18021,815
"Clinton, IN",18023,1071
"Crawford, IN",18025,362
"Daviess, IN",18027,733
"Dearborn, IN",18029,1598
"Decatur, IN",18031,657
"DeKalb, IN",18033,1186
"Delaware, IN",18035,3466
"Dubois, IN",18037,1113
"Elkhart, IN",18039,4662
"Fayette, IN",18041,742
"Floyd, IN",18043,2621
"Fountain, IN",18045,519
"Franklin, IN",18047,600
"Fulton, IN",18049,653
"Gibson, IN",18051,1045
"Grant, IN",18053,2663
"Greene, IN",18055,1234
"Hamilton, IN",18057,4473
"Hancock, IN",18059,2120
"Harrison, IN",18061,1223
"Hendricks, IN",18063,3880
"Henry, IN",18065,1550
"Howard, IN",18067,2929
"Huntington, IN",18069,1007
"Jackson, IN",18071,1032
"Jasper, IN",18073,836
"Jay, IN",18075,673
"Jefferson, IN",18077,1096
"Jennings, IN",18079,915
"Johnson, IN",18081,3568
"Knox, IN",18083,1234
"Kosciusko, IN",18085,2010
"LaGrange, IN",18087,670
"Lake, IN",18089,13970
"LaPorte, IN",18091,3998
"Lawrence, IN",18093,1648
"Madison, IN",18095,4411
"Marion, IN",18097,24562
"Marshall, IN",18099,1477
"Martin, IN",18101,410
"Miami, IN",18103,1605
"Monroe, IN",18105,2756
"Montgomery, IN",18107,1182
"Morgan, IN",18109,2443
"Newton, IN",18111,556
"Noble, IN",18113,1305
"Ohio, IN",18115,225
"Orange, IN",18117,558
"Owen, IN",18119,924
"Parke, IN",18121,584
"Perry, IN",18123,712
"Pike, IN",18125,407
"Porter, IN",18127,5474
"Posey, IN",18129,972
"Pulaski, IN",18131,406
"Putnam, IN",18133,1062
"Randolph, IN",18135,735
"Ripley, IN",18137,773
"Rush, IN",18139,607
"St. Joseph, IN",18141,7416
"Scott, IN",18143,635
"Shelby, IN",18145,1381
"Spencer, IN",18147,682
"Starke, IN",18149,680
"Steuben, IN",18151,1083
"Sullivan, IN",18153,762
"Switzerland, IN",18155,285
"Tippecanoe, IN",18157,3428
"Tipton, IN",18159,643
"Union, IN",18161,204
"Vanderburgh, IN",18163,5408
"Vermillion, IN",18165,652
"Vigo, IN",18167,3218
"Wabash, IN",18169,1104
"Warren, IN",18171,256
"Warrick, IN",18173,1901
"Washington, IN",18175,910
"Wayne, IN",18177,2087
"Wells, IN",18179,893
"White, IN",18181,761
"Whitley, IN",18183,1086
IOWA,19000,91668
"Adair, IA",19001,296
"Adams, IA",19003,135
"Allamakee, IA",19005,508
"Appanoose, IA",19007,398
"Audubon, IA",19009,169
"Benton, IA",19011,856
"Black Hawk, IA",19013,4141
"Boone, IA",19015,913
"Bremer, IA",19017,748
"Buchanan, IA",19019,640
"Buena Vista, IA",19021,490
"Butler, IA",19023,491
"Calhoun, IA",19025,374
"Carroll, IA",19027,611
"Cass, IA",19029,450
"Cedar, IA",19031,588
"Cerro Gordo, IA",19033,1320
"Cherokee, IA",19035,351
"Chickasaw, IA",19037,362
"Clarke, IA",19039,315
"Clay, IA",19041,509
"Clayton, IA",19043,679
"Clinton, IA",19045,1727
"Crawford, IA",19047,587
"Dallas, IA",19049,1190
"Davis, IA",19051,180
"Decatur, IA",19053,243
"Delaware, IA",19055,460
"Des Moines, IA",19057,1598
"Dickinson, IA",19059,524
"Dubuque, IA",19061,2602
"Emmet, IA",19063,286
"Fayette, IA",19065,615
"Floyd, IA",19067,421
"Franklin, IA",19069,328
"Fremont, IA",19071,337
"Greene, IA",19073,282
"Grundy, IA",19075,312
"Guthrie, IA",19077,343
"Hamilton, IA",19079,451
"Hancock, IA",19081,425
"Hardin, IA",19083,611
"Harrison, IA",19085,560
"Henry, IA",19087,644
"Howard, IA",19089,254
"Humboldt, IA",19091,292
"Ida, IA",19093,272
"Iowa, IA",19095,365
"Jackson, IA",19097,627
"Jasper, IA",19099,1279
"Jefferson, IA",19101,519
"Johnson, IA",19103,2663
"Jones, IA",19105,720
"Keokuk, IA",19107,325
"Kossuth, IA",19109,515
"Lee, IA",19111,1540
"Linn, IA",19113,6752
"Louisa, IA",19115,332
"Lucas, IA",19117,270
"Lyon, IA",19119,286
"Madison, IA",19121,527
"Mahaska, IA",19123,640
"Marion, IA",19125,1018
"Marshall, IA",19127,1460
"Mills, IA",19129,558
"Mitchell, IA",19131,322
"Monona, IA",19133,348
"Monroe, IA",19135,265
"Montgomery, IA",19137,392
"Muscatine, IA",19139,1104
"O'Brien, IA",19141,405
"Osceola, IA",19143,200
"Page, IA",19145,579
"Palo Alto, IA",19147,280
"Plymouth, IA",19149,832
"Pocahontas, IA",19151,307
"Polk, IA",19153,10900
"Pottawattamie, IA",19155,3395
"Poweshiek, IA",19157,640
"Ringgold, IA",19159,155
"Sac, IA",19161,403
"Scott, IA",19163,5512
"Shelby, IA",19165,381
"Sioux, IA",19167,698
"Story, IA",19169,1840
"Tama, IA",19171,663
"Taylor, IA",19173,222
"Union, IA",19175,477
"Van Buren, IA",19177,238
"Wapello, IA",19179,1314
"Warren, IA",19181,1348
"Washington, IA",19183,593
"Wayne, IA",19185,143
"Webster, IA",19187,1181
"Winnebago, IA",19189,396
"Winneshiek, IA",19191,502
"Woodbury, IA",19193,3606
"Worth, IA",19195,329
"Wright, IA",19197,414
KANSAS,20000,87280
"Allen, KS",20001,475
"Anderson, KS",20003,202
"Atchison, KS",20005,533
"Barber, KS",20007,168
"Barton, KS",20009,863
"Bourbon, KS",20011,487
"Brown, KS",20013,361
"Butler, KS",20015,1936
"Chase, KS",20017,149
"Chautauqua, KS",20019,144
"Cherokee, KS",20021,795
"Cheyenne, KS",20023,84
"Clark, KS",20025,71
"Clay, KS",20027,390
"Cloud, KS",20029,265
"Coffey, KS",20031,350
"Comanche, KS",20033,72
"Cowley, KS",20035,1063
"Crawford, KS",20037,1132
"Decatur, KS",20039,95
"Dickinson, KS",20041,890
"Doniphan, KS",20043,240
"Douglas, KS",20045,2150
"Edwards, KS",20047,117
"Elk, KS",20049,135
"Ellis, KS",20051,741
"Ellsworth, KS",20053,282
"Finney, KS",20055,798
"Ford, KS",20057,683
"Franklin, KS",20059,711
"Geary, KS",20061,1531
"Gove, KS",20063,67
"Graham, KS",20065,53
"Grant, KS",20067,158
"Gray, KS",20069,108
"Greeley, KS",20071,31
"Greenwood, KS",20073,301
"Hamilton, KS",20075,62
"Harper, KS",20077,141
"Harvey, KS",20079,898
"Haskell, KS",20081,63
"Hodgeman, KS",20083,44
"Jackson, KS",20085,459
"Jefferson, KS",20087,739
"Jewell, KS",20089,117
"Johnson, KS",20091,14135
"Kearny, KS",20093,116
"Kingman, KS",20095,326
"Kiowa, KS",20097,140
"Labette, KS",20099,741
"Lane, KS",20101,57
"Leavenworth, KS",20103,3728
"Lincoln, KS",20105,134
"Linn, KS",20107,308
"Logan, KS",20109,56
"Lyon, KS",20111,910
"McPherson, KS",20113,837
"Marion, KS",20115,302
"Marshall, KS",20117,329
"Meade, KS",20119,99
"Miami, KS",20121,1023
"Mitchell, KS",20123,172
"Montgomery, KS",20125,1357
"Morris, KS",20127,244
"Morton, KS",20129,70
"Nemaha, KS",20131,270
"Neosho, KS",20133,513
"Ness, KS",20135,92
"Norton, KS",20137,174
"Osage, KS",20139,699
"Osborne, KS",20141,149
"Ottawa, KS",20143,241
"Pawnee, KS",20145,203
"Phillips, KS",20147,205
"Pottawatomie, KS",20149,732
"Pratt, KS",20151,289
"Rawlins, KS",20153,71
"Reno, KS",20155,2298
"Republic, KS",20157,185
"Rice, KS",20159,344
"Riley, KS",20161,1729
"Rooks, KS",20163,150
"Rush, KS",20165,143
"Russell, KS",20167,255
"Saline, KS",20169,2033
"Scott, KS",20171,138
"Sedgwick, KS",20173,15020
"Seward, KS",20175,495
"Shawnee, KS",20177,7052
"Sheridan, KS",20179,96
"Sherman, KS",20181,206
"Smith, KS",20183,113
"Stafford, KS",20185,128
"Stanton, KS",20187,37
"Stevens, KS",20189,126
"Sumner, KS",20191,994
"Thomas, KS",20193,225
"Trego, KS",20195,80
"Wabaunsee, KS",20197,281
"Wallace, KS",20199,43
"Washington, KS",20201,189
"Wichita, KS",20203,58
"Wilson, KS",20205,396
"Woodson, KS",20207,149
"Wyandotte, KS",20209,4441
KENTUCKY,21000,124057
"Adair, KY",21001,359
"Allen, KY",21003,542
"Anderson, KY",21005,589
"Ballard, KY",21007,308
"Barren, KY",21009,1100
"Bath, KY",21011,259
"Bell, KY",21013,897
"Boone, KY",21015,2739
"Bourbon, KY",21017,693
"Boyd, KY",21019,2053
"Boyle, KY",21021,933
"Bracken, KY",21023,247
"Breathitt, KY",21025,348
"Breckinridge, KY",21027,644
"Bullitt, KY",21029,2089
"Butler, KY",21031,417
"Caldwell, KY",21033,423
"Calloway, KY",21035,849
"Campbell, KY",21037,2483
"Carlisle, KY",21039,176
"Carroll, KY",21041,418
"Carter, KY",21043,653
"Casey, KY",21045,423
"Christian, KY",21047,1935
"Clark, KY",21049,1227
"Clay, KY",21051,495
"Clinton, KY",21053,227
"Crittenden, KY",21055,277
"Cumberland, KY",21057,119
"Daviess, KY",21059,3236
"Edmonson, KY",21061,339
"Elliott, KY",21063,110
"Estill, KY",21065,355
"Fayette, KY",21067,7441
"Fleming, KY",21069,370
"Floyd, KY",21071,868
"Franklin, KY",21073,1783
"Fulton, KY",21075,228
"Gallatin, KY",21077,310
"Garrard, KY",21079,463
"Grant, KY",21081,731
"Graves, KY",21083,1143
"Grayson, KY",21085,828
"Green, KY",21087,393
"Greenup, KY",21089,1323
"Hancock, KY",21091,287
"Hardin, KY",21093,5293
"Harlan, KY",21095,836
"Harrison, KY",21097,495
"Hart, KY",21099,460
"Henderson, KY",21101,1375
"Henry, KY",21103,513
"Hickman, KY",21105,145
"Hopkins, KY",21107,1538
"Jackson, KY",21109,171
"Jefferson, KY",21111,21953
"Jessamine, KY",21113,1147
"Johnson, KY",21115,749
"Kenton, KY",21117,4739
"Knott, KY",21119,332
"Knox, KY",21121,732
"Larue, KY",21123,525
"Laurel, KY",21125,1524
"Lawrence, KY",21127,362
"Lee, KY",21129,199
"Leslie, KY",21131,186
"Letcher, KY",21133,647
"Lewis, KY",21135,299
"Lincoln, KY",21137,674
"Livingston, KY",21139,320
"Logan, KY",21141,728
"Lyon, KY",21143,272
"McCracken, KY",21145,2121
"McCreary, KY",21147,472
"McLean, KY",21149,328
"Madison, KY",21151,1787
"Magoffin, KY",21153,207
"Marion, KY",21155,520
"Marshall, KY",21157,1119
"Martin, KY",21159,314
"Mason, KY",21161,497
"Meade, KY",21163,1128
"Menifee, KY",21165,229
"Mercer, KY",21167,503
"Metcalfe, KY",21169,151
"Monroe, KY",21171,243
"Montgomery, KY",21173,678
"Morgan, KY",21175,330
"Muhlenberg, KY",21177,958
"Nelson, KY",21179,1203
"Nicholas, KY",21181,219
"Ohio, KY",21183,716
"Oldham, KY",21185,1979
"Owen, KY",21187,312
"Owsley, KY",21189,114
"Pendleton, KY",21191,420
"Perry, KY",21193,669
"Pike, KY",21195,1776
"Powell, KY",21197,349
"Pulaski, KY",21199,1925
"Robertson, KY",21201,67
"Rockcastle, KY",21203,418
"Rowan, KY",21205,503
"Russell, KY",21207,434
"Scott, KY",21209,955
"Shelby, KY",21211,1085
"Simpson, KY",21213,512
"Spencer, KY",21215,361
"Taylor, KY",21217,521
"Todd, KY",21219,360
"Trigg, KY",21221,527
"Trimble, KY",21223,246
"Union, KY",21225,557
"Warren, KY",21227,2965
"Washington, KY",21229,218
"Wayne, KY",21231,486
"Webster, KY",21233,437
"Whitley, KY",21235,986
"Wolfe, KY",21237,160
"Woodford, KY",21239,648
LOUISIANA,22000,126242
"Acadia, LA",22001,1352
"Allen, LA",22003,665
"Ascension, LA",22005,2123
"Assumption, LA",22007,532
"Avoyelles, LA",22009,1006
"Beauregard, LA",22011,1485
"Bienville, LA",22013,430
"Bossier, LA",22015,5174
"Caddo, LA",22017,7975
"Calcasieu, LA",22019,5690
"Caldwell, LA",22021,304
"Cameron, LA",22023,207
"Catahoula, LA",22025,239
"Claiborne, LA",22027,466
"Concordia, LA",22029,427
"De Soto, LA",22031,706
"East Baton Rouge, LA",22033,10762
"East Carroll, LA",22035,136
"East Feliciana, LA",22037,646
"Evangeline, LA",22039,785
"Franklin, LA",22041,534
"Grant, LA",22043,731
"Iberia, LA",22045,1860
"Iberville, LA",22047,620
"Jackson, LA",22049,466
"Jefferson, LA",22051,12627
"Jefferson Davis, LA",22053,724
"Lafayette, LA",22055,4827
"Lafourche, LA",22057,1880
"La Salle, LA",22059,410
"Lincoln, LA",22061,875
"Livingston, LA",22063,2807
"Madison, LA",22065,287
"Morehouse, LA",22067,820
"Natchitoches, LA",22069,954
"Orleans, LA",22071,12407
"Ouachita, LA",22073,3903
"Plaquemines, LA",22075,731
"Pointe Coupee, LA",22077,473
"Rapides, LA",22079,4831
"Red River, LA",22081,228
"Richland, LA",22083,458
"Sabine, LA",22085,769
"St. Bernard, LA",22087,1997
"St. Charles, LA",22089,1343
"St. Helena, LA",22091,191
"St. James, LA",22093,456
"St. John the Baptist, LA",22095,1150
"St. Landry, LA",22097,1973
"St. Martin, LA",22099,1025
"St. Mary, LA",22101,1229
"St. Tammany, LA",22103,7294
"Tangipahoa, LA",22105,2763
"Tensas, LA",22107,201
"Terrebonne, LA",22109,2503
"Union, LA",22111,674
"Vermilion, LA",22113,1274
"Vernon, LA",22115,2464
"Washington, LA",22117,1200
"Webster, LA",22119,1428
"West Baton Rouge, LA",22121,530
"West Carroll, LA",22123,251
"West Feliciana, LA",22125,510
"Winn, LA",22127,454
MAINE,23000,51153
"Androscoggin, ME",23001,4113
"Aroostook, ME",23003,3021
"Cumberland, ME",23005,9512
"Franklin, ME",23007,1069
"Hancock, ME",23009,2153
"Kennebec, ME",23011,4661
"Knox, ME",23013,1688
"Lincoln, ME",23015,1571
"Oxford, ME",23017,2154
"Penobscot, ME",23019,5532
"Piscataquis, ME",23021,850
"Sagadahoc, ME",23023,1835
"Somerset, ME",23025,2042
"Waldo, ME",23027,1494
"Washington, ME",23029,1559
"York, ME",23031,7899
MARYLAND,24000,168232
"Allegany, MD",24001,2565
"Anne Arundel, MD",24003,22498
"Baltimore, MD",24005,21038
"Calvert, MD",24009,3226
"Caroline, MD",24011,974
"Carroll, MD",24013,5176
"Cecil, MD",24015,3349
"Charles, MD",24017,5352
"Dorchester, MD",24019,1044
"Frederick, MD",24021,7205
"Garrett, MD",24023,930
"Harford, MD",24025,8590
"Howard, MD",24027,7483
"Kent, MD",24029,663
"Montgomery, MD",24031,19311
"Prince George's, MD",24033,26007
"Queen Anne's, MD",24035,1656
"St. Mary's, MD",24037,4263
"Somerset, MD",24039,803
"Talbot, MD",24041,1332
"Washington, MD",24043,4668
"Wicomico, MD",24045,2797
"Worcester, MD",24047,1629
"Baltimore city, MD",24510,15673
MASSACHUSETTS,25000,158557
"Barnstable, MA",25001,7854
"Berkshire, MA",25003,4035
"Bristol, MA",25005,13712
"Dukes, MA",25007,452
"Essex, MA",25009,18765
"Franklin, MA",25011,2638
"Hampden, MA",25013,13770
"Hampshire, MA",25015,4571
"Middlesex, MA",25017,31508
"Nantucket, MA",25019,315
"Norfolk, MA",25021,15456
"Plymouth, MA",25023,14973
"Suffolk, MA",25025,9667
"Worcester, MA",25027,20841
MICHIGAN,26000,286866
"Alcona, MI",26001,598
"Alger, MI",26003,425
"Allegan, MI",26005,3155
"Alpena, MI",26007,1151
"Antrim, MI",26009,755
"Arenac, MI",26011,606
"Baraga, MI",26013,317
"Barry, MI",26015,2070
"Bay, MI",26017,3985
"Benzie, MI",26019,630
"Berrien, MI",26021,4901
"Branch, MI",26023,1517
"Calhoun, MI",26025,5082
"Cass, MI",26027,1840
"Charlevoix, MI",26029,882
"Cheboygan, MI",26031,894
"Chippewa, MI",26033,1692
"Clare, MI",26035,1113
"Clinton, MI",26037,1954
"Crawford, MI",26039,587
"Delta, MI",26041,1578
"Dickinson, MI",26043,1143
"Eaton, MI",26045,3437
"Emmet, MI",26047,1116
"Genesee, MI",26049,13270
"Gladwin, MI",26051,865
"Gogebic, MI",26053,705
"Grand Traverse, MI",26055,2491
"Gratiot, MI",26057,1317
"Hillsdale, MI",26059,1457
"Houghton, MI",26061,1204
"Huron, MI",26063,891
"Ingham, MI",26065,6533
"Ionia, MI",26067,1889
"Iosco, MI",26069,1445
"Iron, MI",26071,550
"Isabella, MI",26073,1430
"Jackson, MI",26075,4997
"Kalamazoo, MI",26077,6480
"Kalkaska, MI",26079,706
"Kent, MI",26081,14083
"Keweenaw, MI",26083,139
"Lake, MI",26085,435
"Lapeer, MI",26087,3089
"Leelanau, MI",26089,755
"Lenawee, MI",26091,3172
"Livingston, MI",26093,5167
"Luce, MI",26095,244
"Mackinac, MI",26097,430
"Macomb, MI",26099,23108
"Manistee, MI",26101,977
"Marquette, MI",26103,2980
"Mason, MI",26105,1006
"Mecosta, MI",26107,1285
"Menominee, MI",26109,1085
"Midland, MI",26111,2567
"Missaukee, MI",26113,459
"Monroe, MI",26115,4960
"Montcalm, MI",26117,1881
"Montmorency, MI",26119,391
"Muskegon, MI",26121,5356
"Newaygo, MI",26123,1641
"Oakland, MI",26125,30937
"Oceana, MI",26127,945
"Ogemaw, MI",26129,808
"Ontonagon, MI",26131,401
"Osceola, MI",26133,828
"Oscoda, MI",26135,345
"Otsego, MI",26137,717
"Ottawa, MI",26139,5912
"Presque Isle, MI",26141,558
"Roscommon, MI",26143,1004
"Saginaw, MI",26145,5766
"St. Clair, MI",26147,5551
"St. Joseph, MI",26149,1903
"Sanilac, MI",26151,1215
"Schoolcraft, MI",26153,377
"Shiawassee, MI",26155,2476
"Tuscola, MI",26157,1825
"Van Buren, MI",26159,2760
"Washtenaw, MI",26161,7470
"Wayne, MI",26163,51087
"Wexford, MI",26165,1113
MINNESOTA,27000,152621
"Aitkin, MN",27001,585
"Anoka, MN",27003,11067
"Becker, MN",27005,1182
"Beltrami, MN",27007,1299
"Benton, MN",27009,1133
"Big Stone, MN",27011,129
"Blue Earth, MN",27013,1577
"Brown, MN",27015,832
"Carlton, MN",27017,1202
"Carver, MN",27019,1865
"Cass, MN",27021,1168
"Chippewa, MN",27023,362
"Chisago, MN",27025,1417
"Clay, MN",27027,1558
"Clearwater, MN",27029,332
"Cook, MN",27031,200
"Cottonwood, MN",27033,316
"Crow Wing, MN",27035,2016
"Dakota, MN",27037,11509
"Dodge, MN",27039,593
"Douglas, MN",27041,1159
"Faribault, MN",27043,463
"Fillmore, MN",27045,592
"Freeborn, MN",27047,1051
"Goodhue, MN",27049,1411
"Grant, MN",27051,180
"Hennepin, MN",27053,30711
"Houston, MN",27055,685
"Hubbard, MN",27057,883
"Isanti, MN",27059,1186
"Itasca, MN",27061,1921
"Jackson, MN",27063,301
"Kanabec, MN",27065,612
"Kandiyohi, MN",27067,1185
"Kittson, MN",27069,168
"Koochiching, MN",27071,452
"Lac qui Parle, MN",27073,217
"Lake, MN",27075,456
"Lake of the Woods, MN",27077,237
"Le Sueur, MN",27079,759
"Lincoln, MN",27081,199
"Lyon, MN",27083,726
"McLeod, MN",27085,1082
"Mahnomen, MN",27087,183
"Marshall, MN",27089,326
"Martin, MN",27091,685
"Meeker, MN",27093,731
"Mille Lacs, MN",27095,796
"Morrison, MN",27097,1043
"Mower, MN",27099,1228
"Murray, MN",27101,272
"Nicollet, MN",27103,832
"Nobles, MN",27105,618
"Norman, MN",27107,243
"Olmsted, MN",27109,3727
"Otter Tail, MN",27111,1937
"Pennington, MN",27113,463
"Pine, MN",27115,1019
"Pipestone, MN",27117,251
"Polk, MN",27119,986
"Pope, MN",27121,334
"Ramsey, MN",27123,13636
"Red Lake, MN",27125,159
"Redwood, MN",27127,456
"Renville, MN",27129,493
"Rice, MN",27131,1444
"Rock, MN",27133,306
"Roseau, MN",27135,472
"St. Louis, MN",27137,7465
"Scott, MN",27139,2603
"Sherburne, MN",27141,2048
"Sibley, MN",27143,449
"Stearns, MN",27145,3937
"Steele, MN",27147,962
"Stevens, MN",27149,214
"Swift, MN",27151,343
"Todd, MN",27153,844
"Traverse, MN",27155,79
"Wabasha, MN",27157,732
"Wadena, MN",27159,436
"Waseca, MN",27161,672
"Washington, MN",27163,7112
"Watonwan, MN",27165,275
"Wilkin, MN",27167,176
"Winona, MN",27169,1554
"Wright, MN",27171,2805
"Yellow Medicine, MN",27173,297
MISSISSIPPI,28000,77202
"Adams, MS",28001,1082
"Alcorn, MS",28003,890
"Amite, MS",28005,365
"Attala, MS",28007,412
"Benton, MS",28009,188
"Bolivar, MS",28011,637
"Calhoun, MS",28013,309
"Carroll, MS",28015,397
"Chickasaw, MS",28017,308
"Choctaw, MS",28019,308
"Claiborne, MS",28021,164
"Clarke, MS",28023,487
"Clay, MS",28025,452
"Coahoma, MS",28027,462
"Copiah, MS",28029,740
"Covington, MS",28031,366
"DeSoto, MS",28033,3643
"Forrest, MS",28035,1736
"Franklin, MS",28037,188
"George, MS",28039,641
"Greene, MS",28041,310
"Grenada, MS",28043,502
"Hancock, MS",28045,1875
"Harrison, MS",28047,9145
"Hinds, MS",28049,5911
"Holmes, MS",28051,276
"Humphreys, MS",28053,144
"Issaquena, MS",28055,33
"Itawamba, MS",28057,529
"Jackson, MS",28059,6105
"Jasper, MS",28061,413
"Jefferson, MS",28063,77
"Jefferson Davis, MS",28065,282
"Jones, MS",28067,1615
"Kemper, MS",28069,259
"Lafayette, MS",28071,722
"Lamar, MS",28073,1104
"Lauderdale, MS",28075,2195
"Lawrence, MS",28077,320
"Leake, MS",28079,374
"Lee, MS",28081,2015
"Leflore, MS",28083,508
"Lincoln, MS",28085,746
"Lowndes, MS",28087,2189
"Madison, MS",28089,1559
"Marion, MS",28091,707
"Marshall, MS",28093,753
"Monroe, MS",28095,821
"Montgomery, MS",28097,192
"Neshoba, MS",28099,660
"Newton, MS",28101,580
"Noxubee, MS",28103,155
"Oktibbeha, MS",28105,814
"Panola, MS",28107,731
"Pearl River, MS",28109,1784
"Perry, MS",28111,316
"Pike, MS",28113,1004
"Pontotoc, MS",28115,696
"Prentiss, MS",28117,652
"Quitman, MS",28119,142
"Rankin, MS",28121,3823
"Scott, MS",28123,529
"Sharkey, MS",28125,108
"Simpson, MS",28127,618
"Smith, MS",28129,352
"Stone, MS",28131,589
"Sunflower, MS",28133,606
"Tallahatchie, MS",28135,215
"Tate, MS",28137,634
"Tippah, MS",28139,441
"Tishomingo, MS",28141,457
"Tunica, MS",28143,169
"Union, MS",28145,730
"Walthall, MS",28147,254
"Warren, MS",28149,1402
"Washington, MS",28151,1115
"Wayne, MS",28153,566
"Webster, MS",28155,214
"Wilkinson, MS",28157,174
"Winston, MS",28159,340
"Yalobusha, MS",28161,339
"Yazoo, MS",28163,537
MISSOURI,29000,187033
"Adair, MO",29001,614
"Andrew, MO",29003,610
"Atchison, MO",29005,227
"Audrain, MO",29007,780
"Barry, MO",29009,1079
"Barton, MO",29011,341
"Bates, MO",29013,546
"Benton, MO",29015,953
"Bollinger, MO",29017,447
"Boone, MO",29019,3459
"Buchanan, MO",29021,3079
"Butler, MO",29023,1682
"Caldwell, MO",29025,376
"Callaway, MO",29027,1534
"Camden, MO",29029,1675
"Cape Girardeau, MO",29031,2146
"Carroll, MO",29033,348
"Carter, MO",29035,242
"Cass, MO",29037,3287
"Cedar, MO",29039,550
"Chariton, MO",29041,287
"Christian, MO",29043,1944
"Clark, MO",29045,261
"Clay, MO",29047,6762
"Clinton, MO",29049,833
"Cole, MO",29051,2739
"Cooper, MO",29053,500
"Crawford, MO",29055,824
"Dade, MO",29057,317
"Dallas, MO",29059,645
"Daviess, MO",29061,305
"DeKalb, MO",29063,593
"Dent, MO",29065,555
"Douglas, MO",29067,467
"Dunklin, MO",29069,932
"Franklin, MO",29071,3148
"Gasconade, MO",29073,545
"Gentry, MO",29075,206
"Greene, MO",29077,8370
"Grundy, MO",29079,375
"Harrison, MO",29081,279
"Henry, MO",29083,915
"Hickory, MO",29085,429
"Holt, MO",29087,203
"Howard, MO",29089,288
"Howell, MO",29091,1464
"Iron, MO",29093,464
"Jackson, MO",29095,20530
"Jasper, MO",29097,3472
"Jefferson, MO",29099,7444
"Johnson, MO",29101,1917
"Knox, MO",29103,121
"Laclede, MO",29105,1343
"Lafayette, MO",29107,1131
"Lawrence, MO",29109,1095
"Lewis, MO",29111,263
"Lincoln, MO",29113,1314
"Linn, MO",29115,415
"Livingston, MO",29117,450
"McDonald, MO",29119,720
"Macon, MO",29121,534
"Madison, MO",29123,515
"Maries, MO",29125,385
"Marion, MO",29127,1062
"Mercer, MO",29129,129
"Miller, MO",29131,826
"Mississippi, MO",29133,297
"Moniteau, MO",29135,452
"Monroe, MO",29137,329
"Montgomery, MO",29139,404
"Morgan, MO",29141,790
"New Madrid, MO",29143,654
"Newton, MO",29145,1809
"Nodaway, MO",29147,556
"Oregon, MO",29149,476
"Osage, MO",29151,411
"Ozark, MO",29153,410
"Pemiscot, MO",29155,516
"Perry, MO",29157,581
"Pettis, MO",29159,1242
"Phelps, MO",29161,1696
"Pike, MO",29163,614
"Platte, MO",29165,3019
"Polk, MO",29167,926
"Pulaski, MO",29169,2152
"Putnam, MO",29171,129
"Ralls, MO",29173,353
"Randolph, MO",29175,796
"Ray, MO",29177,915
"Reynolds, MO",29179,226
"Ripley, MO",29181,519
"St. Charles, MO",29183,10110
"St. Clair, MO",29185,408
"Ste. Genevieve, MO",29186,701
"St. Francois, MO",29187,2056
"St. Louis, MO",29189,30763
"Saline, MO",29195,643
"Schuyler, MO",29197,108
"Scotland, MO",29199,106
"Scott, MO",29201,1349
"Shannon, MO",29203,314
"Shelby, MO",29205,217
"Stoddard, MO",29207,1052
"Stone, MO",29209,1178
"Sullivan, MO",29211,171
"Taney, MO",29213,1553
"Texas, MO",29215,1102
"Vernon, MO",29217,567
"Warren, MO",29219,804
"Washington, MO",29221,668
"Wayne, MO",29223,585
"Webster, MO",29225,1146
"Worth, MO",29227,54
"Wright, MO",29229,599
"St. Louis city, MO",29510,8216
MONTANA,30000,37121
"Beaverhead, MT",30001,374
"Big Horn, MT",30003,435
"Blaine, MT",30005,166
"Broadwater, MT",30007,196
"Carbon, MT",30009,338
"Carter, MT",30011,41
"Cascade, MT",30013,4235
"Chouteau, MT",30015,172
"Custer, MT",30017,461
"Daniels, MT",30019,66
"Dawson, MT",30021,331
"Deer Lodge, MT",30023,450
"Fallon, MT",30025,83
"Fergus, MT",30027,498
"Flathead, MT",30029,3493
"Gallatin, MT",30031,2125
"Garfield, MT",30033,46
"Glacier, MT",30035,393
"Golden Valley, MT",30037,38
"Granite, MT",30039,128
"Hill, MT",30041,615
"Jefferson, MT",30043,599
"Judith Basin, MT",30045,84
"Lake, MT",30047,1083
"Lewis and Clark, MT",30049,2358
"Liberty, MT",30051,65
"Lincoln, MT",30053,965
"McCone, MT",30055,67
"Madison, MT",30057,315
"Meagher, MT",30059,109
"Mineral, MT",30061,204
"Missoula, MT",30063,3847
"Musselshell, MT",30065,214
"Park, MT",30067,681
"Petroleum, MT",30069,18
"Phillips, MT",30071,126
"Pondera, MT",30073,183
"Powder River, MT",30075,53
"Powell, MT",30077,389
"Prairie, MT",30079,71
"Ravalli, MT",30081,1783
"Richland, MT",30083,312
"Roosevelt, MT",30085,368
"Rosebud, MT",30087,377
"Sanders, MT",30089,604
"Sheridan, MT",30091,147
"Silver Bow, MT",30093,1241
"Stillwater, MT",30095,339
"Sweet Grass, MT",30097,134
"Teton, MT",30099,266
"Toole, MT",30101,193
"Treasure, MT",30103,43
"Valley, MT",30105,363
"Wheatland, MT",30107,71
"Wibaux, MT",30109,33
"Yellowstone, MT",30111,4732
"Yellowstone National Park, MT",30113,0
NEBRASKA,31000,55887
"Adams, NE",31001,962
"Antelope, NE",31003,219
"Arthur, NE",31005,19
"Banner, NE",31007,16
"Blaine, NE",31009,15
"Boone, NE",31011,171
"Box Butte, NE",31013,489
"Boyd, NE",31015,85
"Brown, NE",31017,99
"Buffalo, NE",31019,1127
"Burt, NE",31021,264
"Butler, NE",31023,234
"Cass, NE",31025,1140
"Cedar, NE",31027,299
"Chase, NE",31029,115
"Cherry, NE",31031,161
"Cheyenne, NE",31033,311
"Clay, NE",31035,236
"Colfax, NE",31037,231
"Cuming, NE",31039,257
"Custer, NE",31041,395
"Dakota, NE",31043,557
"Dawes, NE",31045,291
"Dawson, NE",31047,661
"Deuel, NE",31049,82
"Dixon, NE",31051,197
"Dodge, NE",31053,1158
"Douglas, NE",31055,14610
"Dundy, NE",31057,93
"Fillmore, NE",31059,205
"Franklin, NE",31061,118
"Frontier, NE",31063,112
"Furnas, NE",31065,150
"Gage, NE",31067,614
"Garden, NE",31069,71
"Garfield, NE",31071,55
"Gosper, NE",31073,83
"Grant, NE",31075,20
"Greeley, NE",31077,69
"Hall, NE",31079,1731
"Hamilton, NE",31081,291
"Harlan, NE",31083,123
"Hayes, NE",31085,28
"Hitchcock, NE",31087,102
"Holt, NE",31089,325
"Hooker, NE",31091,27
"Howard, NE",31093,210
"Jefferson, NE",31095,223
"Johnson, NE",31097,122
"Kearney, NE",31099,238
"Keith, NE",31101,238
"Keya Paha, NE",31103,27
"Kimball, NE",31105,162
"Knox, NE",31107,298
"Lancaster, NE",31109,7162
"Lincoln, NE",31111,1297
"Logan, NE",31113,40
"Loup, NE",31115,20
"McPherson, NE",31117,17
"Madison, NE",31119,1058
"Merrick, NE",31121,295
"Morrill, NE",31123,176
"Nance, NE",31125,112
"Nemaha, NE",31127,237
"Nuckolls, NE",31129,160
"Otoe, NE",31131,606
"Pawnee, NE",31133,94
"Perkins, NE",31135,90
"Phelps, NE",31137,300
"Pierce, NE",31139,191
"Platte, NE",31141,897
"Polk, NE",31143,160
"Red Willow, NE",31145,341
"Richardson, NE",31147,290
"Rock, NE",31149,51
"Saline, NE",31151,398
"Sarpy, NE",31153,6924
"Saunders, NE",31155,733
"Scotts Bluff, NE",31157,1002
"Seward, NE",31159,454
"Sheridan, NE",31161,220
"Sherman, NE",31163,143
"Sioux, NE",31165,46
"Stanton, NE",31167,208
"Thayer, NE",31169,185
"Thomas, NE",31171,42
"Thurston, NE",31173,136
"Valley, NE",31175,126
"Washington, NE",31177,681
"Wayne, NE",31179,237
"Webster, NE",31181,116
"Wheeler, NE",31183,22
"York, NE",31185,484
NEVADA,32000,82763
"Churchill, NV",32001,1298
"Clark, NV",32003,54134
"Douglas, NV",32005,2051
"Elko, NV",32007,1736
"Esmeralda, NV",32009,61
"Eureka, NV",32011,66
"Humboldt, NV",32013,610
"Lander, NV",32015,283
"Lincoln, NV",32017,171
"Lyon, NV",32019,1649
"Mineral, NV",32021,345
"Nye, NV",32023,1797
"Pershing, NV",32027,351
"Storey, NV",32029,257
"Washoe, NV",32031,15055
"White Pine, NV",32033,529
"Carson City city, NV",32510,2370
NEW HAMPSHIRE,33000,46733
"Belknap, NH",33001,2303
"Carroll, NH",33003,1926
"Cheshire, NH",33005,2764
"Coos, NH",33007,1307
"Grafton, NH",33009,3047
"Hillsborough, NH",33011,13921
"Merrimack, NH",33013,5233
"Rockingham, NH",33015,10508
"Strafford, NH",33017,4340
"Sullivan, NH",33019,1384
NEW JERSEY,34000,188622
"Atlantic, NJ",34001,6793
"Bergen, NJ",34003,16584
"Burlington, NJ",34005,15675
"Camden, NJ",34007,12900
"Cape May, NJ",34009,3232
"Cumberland, NJ",34011,3377
"Essex, NJ",34013,11795
"Gloucester, NJ",34015,8532
"Hudson, NJ",34017,6321
"Hunterdon, NJ",34019,3688
"Mercer, NJ",34021,8146
"Middlesex, NJ",34023,14983
"Monmouth, NJ",34025,16472
"Morris, NJ",34027,11057
"Ocean, NJ",34029,15503
"Passaic, NJ",34031,7546
"Salem, NJ",34033,2317
"Somerset, NJ",34035,6393
"Sussex, NJ",34037,4643
"Union, NJ",34039,9220
"Warren, NJ",34041,3445
NEW MEXICO,35000,66179
"Bernalillo, NM",35001,23285
"Catron, NM",35003,178
"Chaves, NM",35005,1888
"Cibola, NM",35006,904
"Colfax, NM",35007,626
"Curry, NM",35009,1665
"De Baca, NM",35011,52
"Dona Ana, NM",35013,5128
"Eddy, NM",35015,1442
"Grant, NM",35017,1309
"Guadalupe, NM",35019,136
"Harding, NM",35021,33
"Hidalgo, NM",35023,189
"Lea, NM",35025,1394
"Lincoln, NM",35027,1005
"Los Alamos, NM",35028,764
"Luna, NM",35029,752
"McKinley, NM",35031,1458
"Mora, NM",35033,155
"Otero, NM",35035,3618
"Quay, NM",35037,439
"Rio Arriba, NM",35039,1177
"Roosevelt, NM",35041,469
"Sandoval, NM",35043,3641
"San Juan, NM",35045,3244
"San Miguel, NM",35047,854
"Santa Fe, NM",35049,4588
"Sierra, NM",35051,670
"Socorro, NM",35053,744
"Taos, NM",35055,1037
"Torrance, NM",35057,644
"Union, NM",35059,119
"Valencia, NM",35061,2572
NEW YORK,36000,377722
"Albany, NY",36001,8013
"Allegany, NY",36003,1736
"Bronx, NY",36005,13468
"Broome, NY",36007,5728
"Cattaraugus, NY",36009,3106
"Cayuga, NY",36011,2758
"Chautauqua, NY",36013,4727
"Chemung, NY",36015,3381
"Chenango, NY",36017,1706
"Clinton, NY",36019,2677
"Columbia, NY",36021,2038
"Cortland, NY",36023,1545
"Delaware, NY",36025,1588
"Dutchess, NY",36027,8326
"Erie, NY",36029,27623
"Essex, NY",36031,1579
"Franklin, NY",36033,1439
"Fulton, NY",36035,1706
"Genesee, NY",36037,1779
"Greene, NY",36039,1521
"Hamilton, NY",36041,210
"Herkimer, NY",36043,2255
"Jefferson, NY",36045,3560
"Kings, NY",36047,22193
"Lewis, NY",36049,807
"Livingston, NY",36051,1949
"Madison, NY",36053,2223
"Monroe, NY",36055,18618
"Montgomery, NY",36057,1342
"Nassau, NY",36059,26450
"New York, NY",36061,15717
"Niagara, NY",36063,7562
"Oneida, NY",36065,7511
"Onondaga, NY",36067,11800
"Ontario, NY",36069,3560
"Orange, NY",36071,9519
"Orleans, NY",36073,1226
"Oswego, NY",36075,4103
"Otsego, NY",36077,1905
"Putnam, NY",36079,2807
"Queens, NY",36081,23255
"Rensselaer, NY",36083,4752
"Richmond, NY",36085,9740
"Rockland, NY",36087,5348
"St. Lawrence, NY",36089,3524
"Saratoga, NY",36091,6653
"Schenectady, NY",36093,3939
"Schoharie, NY",36095,1068
"Schuyler, NY",36097,733
"Seneca, NY",36099,1030
"Steuben, NY",36101,3555
"Suffolk, NY",36103,36287
"Sullivan, NY",36105,2230
"Tioga, NY",36107,1837
"Tompkins, NY",36109,1836
"Ulster, NY",36111,5007
"Warren, NY",36113,2433
"Washington, NY",36115,2067
"Wayne, NY",36117,3063
"Westchester, NY",36119,15278
"Wyoming, NY",36121,1412
"Yates, NY",36123,914
NORTH CAROLINA,37000,256395
"Alamance, NC",37001,3650
"Alexander, NC",37003,1015
"Alleghany, NC",37005,337
"Anson, NC",37007,614
"Ashe, NC",37009,772
"Avery, NC",37011,501
"Beaufort, NC",37013,1531
"Bertie, NC",37015,423
"Bladen, NC",37017,1022
"Brunswick, NC",37019,3345
"Buncombe, NC",37021,7582
"Burke, NC",37023,2793
"Cabarrus, NC",37025,4248
"Caldwell, NC",37027,2390
"Camden, NC",37029,374
"Carteret, NC",37031,3560
"Caswell, NC",37033,779
"Catawba, NC",37035,4519
"Chatham, NC",37037,1550
"Cherokee, NC",37039,1097
"Chowan, NC",37041,539
"Clay, NC",37043,470
"Cleveland, NC",37045,2991
"Columbus, NC",37047,1497
"Craven, NC",37049,4410
"Cumberland, NC",37051,14813
"Currituck, NC",37053,1018
"Dare, NC",37055,1420
"Davidson, NC",37057,4659
"Davie, NC",37059,1257
"Duplin, NC",37061,1311
"Durham, NC",37063,5655
"Edgecombe, NC",37065,1382
"Forsyth, NC",37067,8950
"Franklin, NC",37069,1419
"Gaston, NC",37071,6595
"Gates, NC",37073,414
"Graham, NC",37075,239
"Granville, NC",37077,1219
"Greene, NC",37079,442
"Guilford, NC",37081,12121
"Halifax, NC",37083,1359
"Harnett, NC",37085,3219
"Haywood, NC",37087,2243
"Henderson, NC",37089,3589
"Hertford, NC",37091,571
"Hoke, NC",37093,864
"Hyde, NC",37095,191
"Iredell, NC",37097,3967
"Jackson, NC",37099,1174
"Johnston, NC",37101,3724
"Jones, NC",37103,366
"Lee, NC",37105,1576
"Lenoir, NC",37107,1878
"Lincoln, NC",37109,2034
"McDowell, NC",37111,1448
"Macon, NC",37113,1209
"Madison, NC",37115,642
"Martin, NC",37117,698
"Mecklenburg, NC",37119,18178
"Mitchell, NC",37121,420
"Montgomery, NC",37123,838
"Moore, NC",37125,2744
"Nash, NC",37127,2789
"New Hanover, NC",37129,5938
"Northampton, NC",37131,497
"Onslow, NC",37133,6426
"Orange, NC",37135,2577
"Pamlico, NC",37137,602
"Pasquotank, NC",37139,1276
"Pender, NC",37141,1955
"Perquimans, NC",37143,452
"Person, NC",37145,1027
"Pitt, NC",37147,3239
"Polk, NC",37149,717
"Randolph, NC",37151,4155
"Richmond, NC",37153,1504
"Robeson, NC",37155,2692
"Rockingham, NC",37157,3039
"Rowan, NC",37159,4310
"Rutherford, NC",37161,2079
"Sampson, NC",37163,1519
"Scotland, NC",37165,1199
"Stanly, NC",37167,1720
"Stokes, NC",37169,1374
"Surry, NC",37171,1919
"Swain, NC",37173,482
"Transylvania, NC",37175,1262
"Tyrrell, NC",37177,92
"Union, NC",37179,3911
"Vance, NC",37181,966
"Wake, NC",37183,17060
"Warren, NC",37185,519
"Washington, NC",37187,401
"Watauga, NC",37189,1080
"Wayne, NC",37191,4585
"Wilkes, NC",37193,1879
"Wilson, NC",37195,1802
"Yadkin, NC",37197,959
"Yancey, NC",37199,537
NORTH DAKOTA,38000,20054
"Adams, ND",38001,82
"Barnes, ND",38003,332
"Benson, ND",38005,166
"Billings, ND",38007,48
"Bottineau, ND",38009,262
"Bowman, ND",38011,83
"Burke, ND",38013,89
"Burleigh, ND",38015,2272
"Cass, ND",38017,3528
"Cavalier, ND",38019,178
"Dickey, ND",38021,177
"Divide, ND",38023,90
"Dunn, ND",38025,108
"Eddy, ND",38027,62
"Emmons, ND",38029,90
"Foster, ND",38031,49
"Golden Valley, ND",38033,62
"Grand Forks, ND",38035,2025
"Grant, ND",38037,89
"Griggs, ND",38039,109
"Hettinger, ND",38041,91
"Kidder, ND",38043,70
"LaMoure, ND",38045,136
"Logan, ND",38047,46
"McHenry, ND",38049,234
"McIntosh, ND",38051,62
"McKenzie, ND",38053,230
"McLean, ND",38055,391
"Mercer, ND",38057,359
"Morton, ND",38059,911
"Mountrail, ND",38061,232
"Nelson, ND",38063,137
"Oliver, ND",38065,78
"Pembina, ND",38067,313
"Pierce, ND",38069,115
"Ramsey, ND",38071,261
"Ransom, ND",38073,205
"Renville, ND",38075,94
"Richland, ND",38077,439
"Rolette, ND",38079,349
"Sargent, ND",38081,152
"Sheridan, ND",38083,47
"Sioux, ND",38085,117
"Slope, ND",38087,21
"Stark, ND",38089,733
"Steele, ND",38091,66
"Stutsman, ND",38093,661
"Towner, ND",38095,72
"Traill, ND",38097,275
"Walsh, ND",38099,438
"Ward, ND",38101,1985
"Wells, ND",38103,154
"Williams, ND",38105,679
OHIO,39000,351768
"Adams, OH",39001,829
"Allen, OH",39003,3581
"Ashland, OH",39005,1476
"Ashtabula, OH",39007,3552
"Athens, OH",39009,1612
"Auglaize, OH",39011,1583
"Belmont, OH",39013,2625
"Brown, OH",39015,1470
"Butler, OH",39017,10137
"Carroll, OH",39019,1035
"Champaign, OH",39021,1460
"Clark, OH",39023,5903
"Clermont, OH",39025,6124
"Clinton, OH",39027,1371
"Columbiana, OH",39029,3779
"Coshocton, OH",39031,1262
"Crawford, OH",39033,1465
"Cuyahoga, OH",39035,34932
"Darke, OH",39037,1520
"Defiance, OH",39039,1144
"Delaware, OH",39041,3490
"Erie, OH",39043,2889
"Fairfield, OH",39045,5013
"Fayette, OH",39047,904
"Franklin, OH",39049,30126
"Fulton, OH",39051,1155
"Gallia, OH",39053,1070
"Geauga, OH",39055,2721
"Greene, OH",39057,6735
"Guernsey, OH",39059,1458
"Hamilton, OH",39061,22619
"Hancock, OH",39063,2354
"Hardin, OH",39065,931
"Harrison, OH",39067,654
"Henry, OH",39069,865
"Highland, OH",39071,1224
"Hocking, OH",39073,1243
"Holmes, OH",39075,647
"Huron, OH",39077,1788
"Jackson, OH",39079,1054
"Jefferson, OH",39081,2723
"Knox, OH",39083,1770
"Lake, OH",39085,7629
"Lawrence, OH",39087,2093
"Licking, OH",39089,5455
"Logan, OH",39091,1685
"Lorain, OH",39093,10068
"Lucas, OH",39095,11886
"Madison, OH",39097,1571
"Mahoning, OH",39099,7855
"Marion, OH",39101,2395
"Medina, OH",39103,4924
"Meigs, OH",39105,918
"Mercer, OH",39107,991
"Miami, OH",39109,3504
"Monroe, OH",39111,642
"Montgomery, OH",39113,19344
"Morgan, OH",39115,488
"Morrow, OH",39117,1150
"Muskingum, OH",39119,2731
"Noble, OH",39121,430
"Ottawa, OH",39123,1419
"Paulding, OH",39125,647
"Perry, OH",39127,968
"Pickaway, OH",39129,2229
"Pike, OH",39131,841
"Portage, OH",39133,4692
"Preble, OH",39135,1463
"Putnam, OH",39137,798
"Richland, OH",39139,4570
"Ross, OH",39141,3010
"Sandusky, OH",39143,1829
"Scioto, OH",39145,2619
"Seneca, OH",39147,1813
"Shelby, OH",39149,1545
"Stark, OH",39151,11766
"Summit, OH",39153,16554
"Trumbull, OH",39155,8121
"Tuscarawas, OH",39157,2815
"Union, OH",39159,1270
"Van Wert, OH",39161,928
"Vinton, OH",39163,463
"Warren, OH",39165,4881
"Washington, OH",39167,2312
"Wayne, OH",39169,2969
"Williams, OH",39171,1227
"Wood, OH",39173,3305
"Wyandot, OH",39175,662
OKLAHOMA,40000,130279
"Adair, OK",40001,626
"Alfalfa, OK",40003,291
"Atoka, OK",40005,569
"Beaver, OK",40007,177
"Beckham, OK",40009,719
"Blaine, OK",40011,313
"Bryan, OK",40013,1194
"Caddo, OK",40015,912
"Canadian, OK",40017,3737
"Carter, OK",40019,1727
"Cherokee, OK",40021,1615
"Choctaw, OK",40023,572
"Cimarron, OK",40025,61
"Cleveland, OK",40027,8739
"Coal, OK",40029,207
"Comanche, OK",40031,6517
"Cotton, OK",40033,221
"Craig, OK",40035,540
"Creek, OK",40037,2827
"Custer, OK",40039,864
"Delaware, OK",40041,1523
"Dewey, OK",40043,158
"Ellis, OK",40045,166
"Garfield, OK",40047,2239
"Garvin, OK",40049,824
"Grady, OK",40051,1555
"Grant, OK",40053,165
"Greer, OK",40055,241
"Harmon, OK",40057,121
"Harper, OK",40059,97
"Haskell, OK",40061,433
"Hughes, OK",40063,491
"Jackson, OK",40065,1560
"Jefferson, OK",40067,289
"Johnston, OK",40069,385
"Kay, OK",40071,1755
"Kingfisher, OK",40073,299
"Kiowa, OK",40075,383
"Latimer, OK",40077,400
"Le Flore, OK",40079,1825
"Lincoln, OK",40081,1347
"Logan, OK",40083,1312
"Love, OK",40085,297
"McClain, OK",40087,1056
"McCurtain, OK",40089,984
"McIntosh, OK",40091,931
"Major, OK",40093,215
"Marshall, OK",40095,526
"Mayes, OK",40097,1441
"Murray, OK",40099,532
"Muskogee, OK",40101,2685
"Noble, OK",40103,399
"Nowata, OK",40105,360
"Okfuskee, OK",40107,446
"Oklahoma, OK",40109,24663
"Okmulgee, OK",40111,1571
"Osage, OK",40113,2030
"Ottawa, OK",40115,1351
"Pawnee, OK",40117,705
"Payne, OK",40119,1774
"Pittsburg, OK",40121,2004
"Pontotoc, OK",40123,1019
"Pottawatomie, OK",40125,2645
"Pushmataha, OK",40127,441
"Roger Mills, OK",40129,128
"Rogers, OK",40131,3504
"Seminole, OK",40133,861
"Sequoyah, OK",40135,1449
"Stephens, OK",40137,1657
"Texas, OK",40139,531
"Tillman, OK",40141,237
"Tulsa, OK",40143,18222
"Wagoner, OK",40145,2536
"Washington, OK",40147,1864
"Washita, OK",40149,401
"Woods, OK",40151,217
"Woodward, OK",40153,601
OREGON,41000,131915
"Baker, OR",41001,777
"Benton, OR",41003,2455
"Clackamas, OR",41005,13919
"Clatsop, OR",41007,1675
"Columbia, OR",41009,2370
"Coos, OR",41011,3058
"Crook, OR",41013,708
"Curry, OR",41015,1047
"Deschutes, OR",41017,5016
"Douglas, OR",41019,5005
"Gilliam, OR",41021,86
"Grant, OR",41023,291
"Harney, OR",41025,330
"Hood River, OR",41027,698
"Jackson, OR",41029,8419
"Jefferson, OR",41031,652
"Josephine, OR",41033,3955
"Klamath, OR",41035,3047
"Lake, OR",41037,333
"Lane, OR",41039,12781
"Lincoln, OR",41041,2112
"Linn, OR",41043,4431
"Malheur, OR",41045,976
"Marion, OR",41047,10155
"Morrow, OR",41049,362
"Multnomah, OR",41051,21762
"Polk, OR",41053,2575
"Sherman, OR",41055,96
"Tillamook, OR",41057,922
"Umatilla, OR",41059,2520
"Union, OR",41061,957
"Wallowa, OR",41063,326
"Wasco, OR",41065,1104
"Washington, OR",41067,13745
"Wheeler, OR",41069,75
"Yamhill, OR",41071,3175
PENNSYLVANIA,42000,367606
"Adams, PA",42001,3033
"Allegheny, PA",42003,37208
"Armstrong, PA",42005,2495
"Beaver, PA",42007,6003
"Bedford, PA",42009,1716
"Berks, PA",42011,10625
"Blair, PA",42013,4734
"Bradford, PA",42015,2151
"Bucks, PA",42017,18727
"Butler, PA",42019,5673
"Cambria, PA",42021,5323
"Cameron, PA",42023,237
"Carbon, PA",42025,2356
"Centre, PA",42027,3029
"Chester, PA",42029,12573
"Clarion, PA",42031,1427
"Clearfield, PA",42033,2864
"Clinton, PA",42035,1141
"Columbia, PA",42037,1962
"Crawford, PA",42039,3195
"Cumberland, PA",42041,7999
"Dauphin, PA",42043,8166
"Delaware, PA",42045,15211
"Elk, PA",42047,1153
"Erie, PA",42049,8885
"Fayette, PA",42051,4756
"Forest, PA",42053,238
"Franklin, PA",42055,4457
"Fulton, PA",42057,438
"Greene, PA",42059,1421
"Huntingdon, PA",42061,1678
"Indiana, PA",42063,2833
"Jefferson, PA",42065,1442
"Juniata, PA",42067,587
"Lackawanna, PA",42069,6715
"Lancaster, PA",42071,11891
"Lawrence, PA",42073,2870
"Lebanon, PA",42075,3850
"Lehigh, PA",42077,8934
"Luzerne, PA",42079,10398
"Lycoming, PA",42081,3659
"McKean, PA",42083,1646
"Mercer, PA",42085,3790
"Mifflin, PA",42087,1310
"Monroe, PA",42089,4927
"Montgomery, PA",42091,19805
"Montour, PA",42093,530
"Northampton, PA",42095,8027
"Northumberland, PA",42097,3013
"Perry, PA",42099,1678
"Philadelphia, PA",42101,34097
"Pike, PA",42103,1582
"Potter, PA",42105,630
"Schuylkill, PA",42107,4868
"Snyder, PA",42109,1019
"Somerset, PA",42111,2596
"Sullivan, PA",42113,252
"Susquehanna, PA",42115,1598
"Tioga, PA",42117,1510
"Union, PA",42119,1116
"Venango, PA",42121,2324
"Warren, PA",42123,1804
"Washington, PA",42125,6817
"Wayne, PA",42127,1820
"Westmoreland, PA",42129,12881
"Wyoming, PA",42131,1079
"York, PA",42133,12834
RHODE ISLAND,44000,30293
"Bristol, RI",44001,1513
"Kent, RI",44003,6084
"Newport, RI",44005,3957
"Providence, RI",44007,14240
"Washington, RI",44009,4499
SOUTH CAROLINA,45000,143488
"Abbeville, SC",45001,721
"Aiken, SC",45003,5444
"Allendale, SC",45005,183
"Anderson, SC",45007,6115
"Bamberg, SC",45009,448
"Barnwell, SC",45011,694
"Beaufort, SC",45013,4717
"Berkeley, SC",45015,7794
"Calhoun, SC",45017,512
"Charleston, SC",45019,12044
"Cherokee, SC",45021,1613
"Chester, SC",45023,1015
"Chesterfield, SC",45025,1242
"Clarendon, SC",45027,975
"Colleton, SC",45029,1380
"Darlington, SC",45031,1970
"Dillon, SC",45033,678
"Dorchester, SC",45035,5702
"Edgefield, SC",45037,659
"Fairfield, SC",45039,700
"Florence, SC",45041,3812
"Georgetown, SC",45043,1749
"Greenville, SC",45045,12568
"Greenwood, SC",45047,1775
"Hampton, SC",45049,550
"Horry, SC",45051,7942
"Jasper, SC",45053,635
"Kershaw, SC",45055,2251
"Lancaster, SC",45057,1854
"Laurens, SC",45059,2087
"Lee, SC",45061,559
"Lexington, SC",45063,8796
"McCormick, SC",45065,422
"Marion, SC",45067,911
"Marlboro, SC",45069,619
"Newberry, SC",45071,1008
"Oconee, SC",45073,2459
"Orangeburg, SC",45075,2396
"Pickens, SC",45077,3533
"Richland, SC",45079,13108
"Saluda, SC",45081,569
"Spartanburg, SC",45083,7877
"Sumter, SC",45085,4409
"Union, SC",45087,634
"Williamsburg, SC",45089,732
"York, SC",45091,5627
SOUTH DAKOTA,46000,24805
"Aurora, SD",46003,78
"Beadle, SD",46005,631
"Bennett, SD",46007,78
"Bon Homme, SD",46009,251
"Brookings, SD",46011,756
"Brown, SD",46013,1086
"Brule, SD",46015,125
"Buffalo, SD",46017,49
"Butte, SD",46019,391
"Campbell, SD",46021,44
"Charles Mix, SD",46023,229
"Clark, SD",46025,102
"Clay, SD",46027,291
"Codington, SD",46029,778
"Corson, SD",46031,114
"Custer, SD",46033,427
"Davison, SD",46035,502
"Day, SD",46037,166
"Deuel, SD",46039,153
"Dewey, SD",46041,163
"Douglas, SD",46043,104
"Edmunds, SD",46045,118
"Fall River, SD",46047,471
"Faulk, SD",46049,70
"Grant, SD",46051,218
"Gregory, SD",46053,146
"Haakon, SD",46055,55
"Hamlin, SD",46057,158
"Hand, SD",46059,101
"Hanson, SD",46061,83
"Harding, SD",46063,33
"Hughes, SD",46065,589
"Hutchinson, SD",46067,142
"Hyde, SD",46069,48
"Jackson, SD",46071,77
"Jerauld, SD",46073,60
"Jones, SD",46075,38
"Kingsbury, SD",46077,178
"Lake, SD",46079,313
"Lawrence, SD",46081,770
"Lincoln, SD",46083,759
"Lyman, SD",46085,128
"McCook, SD",46087,155
"McPherson, SD",46089,60
"Marshall, SD",46091,112
"Meade, SD",46093,1117
"Mellette, SD",46095,53
"Miner, SD",46097,77
"Minnehaha, SD",46099,4420
"Moody, SD",46101,233
"Pennington, SD",46103,4186
"Perkins, SD",46105,96
"Potter, SD",46107,102
"Roberts, SD",46109,301
"Sanborn, SD",46111,96
"Shannon, SD",46113,196
"Spink, SD",46115,267
"Stanley, SD",46117,92
"Sully, SD",46119,41
"Todd, SD",46121,270
"Tripp, SD",46123,170
"Turner, SD",46125,237
"Union, SD",46127,426
"Walworth, SD",46129,162
"Yankton, SD",46135,818
"Ziebach, SD",46137,45
TENNESSEE,47000,190003
"Anderson, TN",47001,2571
"Bedford, TN",47003,1316
"Benton, TN",47005,627
"Bledsoe, TN",47007,419
"Blount, TN",47009,4152
"Bradley, TN",47011,3043
"Campbell, TN",47013,1326
"Cannon, TN",47015,405
"Carroll, TN",47017,863
"Carter, TN",47019,2160
"Cheatham, TN",47021,1188
"Chester, TN",47023,451
"Claiborne, TN",47025,805
"Clay, TN",47027,179
"Cocke, TN",47029,1148
"Coffee, TN",47031,1623
"Crockett, TN",47033,334
"Cumberland, TN",47035,1752
"Davidson, TN",47037,15759
"Decatur, TN",47039,369
"DeKalb, TN",47041,504
"Dickson, TN",47043,1605
"Dyer, TN",47045,1239
"Fayette, TN",47047,868
"Fentress, TN",47049,543
"Franklin, TN",47051,1486
"Gibson, TN",47053,1347
"Giles, TN",47055,940
"Grainger, TN",47057,624
"Greene, TN",47059,2173
"Grundy, TN",47061,386
"Hamblen, TN",47063,1902
"Hamilton, TN",47065,10941
"Hancock, TN",47067,206
"Hardeman, TN",47069,720
"Hardin, TN",47071,815
"Hawkins, TN",47073,1812
"Haywood, TN",47075,381
"Henderson, TN",47077,669
"Henry, TN",47079,1200
"Hickman, TN",47081,869
"Houston, TN",47083,314
"Humphreys, TN",47085,656
"Jackson, TN",47087,317
"Jefferson, TN",47089,1481
"Johnson, TN",47091,694
"Knox, TN",47093,13602
"Lake, TN",47095,196
"Lauderdale, TN",47097,755
"Lawrence, TN",47099,1210
"Lewis, TN",47101,341
"Lincoln, TN",47103,1076
"Loudon, TN",47105,1552
"McMinn, TN",47107,1822
"McNairy, TN",47109,1047
"Macon, TN",47111,547
"Madison, TN",47113,2729
"Marion, TN",47115,894
"Marshall, TN",47117,835
"Maury, TN",47119,2546
"Meigs, TN",47121,382
"Monroe, TN",47123,1109
"Montgomery, TN",47125,6660
"Moore, TN",47127,262
"Morgan, TN",47129,771
"Obion, TN",47131,1065
"Overton, TN",47133,617
"Perry, TN",47135,214
"Pickett, TN",47137,200
"Polk, TN",47139,596
"Putnam, TN",47141,2000
"Rhea, TN",47143,1061
"Roane, TN",47145,2214
"Robertson, TN",47147,1871
"Rutherford, TN",47149,5994
"Scott, TN",47151,616
"Sequatchie, TN",47153,335
"Sevier, TN",47155,2761
"Shelby, TN",47157,26504
"Smith, TN",47159,435
"Stewart, TN",47161,718
"Sullivan, TN",47163,5610
"Sumner, TN",47165,4538
"Tipton, TN",47167,2172
"Trousdale, TN",47169,232
"Unicoi, TN",47171,839
"Union, TN",47173,476
"Van Buren, TN",47175,218
"Warren, TN",47177,1099
"Washington, TN",47179,4475
"Wayne, TN",47181,423
"Weakley, TN",47183,1106
"White, TN",47185,792
"Williamson, TN",47187,3887
"Wilson, TN",47189,3417
TEXAS,48000,606691
"Anderson, TX",48001,2047
"Andrews, TX",48003,207
"Angelina, TX",48005,2196
"Aransas, TX",48007,1033
"Archer, TX",48009,348
"Armstrong, TX",48011,66
"Atascosa, TX",48013,1322
"Austin, TX",48015,687
"Bailey, TX",48017,138
"Bandera, TX",48019,1162
"Bastrop, TX",48021,2454
"Baylor, TX",48023,134
"Bee, TX",48025,1119
"Bell, TX",48027,11305
"Bexar, TX",48029,60076
"Blanco, TX",48031,461
"Borden, TX",48033,27
"Bosque, TX",48035,640
"Bowie, TX",48037,3569
"Brazoria, TX",48039,8206
"Brazos, TX",48041,2786
"Brewster, TX",48043,371
"Briscoe, TX",48045,60
"Brooks, TX",48047,186
"Brown, TX",48049,1001
"Burleson, TX",48051,544
"Burnet, TX",48053,1370
"Caldwell, TX",48055,1057
"Calhoun, TX",48057,748
"Callahan, TX",48059,555
"Cameron, TX",48061,5409
"Camp, TX",48063,286
"Carson, TX",48065,202
"Cass, TX",48067,1133
"Castro, TX",48069,137
"Chambers, TX",48071,813
"Cherokee, TX",48073,1462
"Childress, TX",48075,143
"Clay, TX",48077,492
"Cochran, TX",48079,39
"Coke, TX",48081,113
"Coleman, TX",48083,356
"Collin, TX",48085,14559
"Collingsworth, TX",48087,88
"Colorado, TX",48089,494
"Comal, TX",48091,4213
"Comanche, TX",48093,370
"Concho, TX",48095,135
"Cooke, TX",48097,1177
"Coryell, TX",48099,3070
"Cottle, TX",48101,36
"Crane, TX",48103,105
"Crockett, TX",48105,56
"Crosby, TX",48107,96
"Culberson, TX",48109,47
"Dallam, TX",48111,181
"Dallas, TX",48113,49623
"Dawson, TX",48115,304
"Deaf Smith, TX",48117,238
"Delta, TX",48119,162
"Denton, TX",48121,13430
"DeWitt, TX",48123,640
"Dickens, TX",48125,55
"Dimmit, TX",48127,144
"Donley, TX",48129,94
"Duval, TX",48131,329
"Eastland, TX",48133,563
"Ector, TX",48135,3048
"Edwards, TX",48137,61
"Ellis, TX",48139,3520
"El Paso, TX",48141,19612
"Erath, TX",48143,798
"Falls, TX",48145,465
"Fannin, TX",48147,1169
"Fayette, TX",48149,653
"Fisher, TX",48151,108
"Floyd, TX",48153,106
"Foard, TX",48155,23
"Fort Bend, TX",48157,9042
"Franklin, TX",48159,310
"Freestone, TX",48161,504
"Frio, TX",48163,240
"Gaines, TX",48165,180
"Galveston, TX",48167,9104
"Garza, TX",48169,65
"Gillespie, TX",48171,945
"Glasscock, TX",48173,32
"Goliad, TX",48175,214
"Gonzales, TX",48177,521
"Gray, TX",48179,603
"Grayson, TX",48181,4426
"Gregg, TX",48183,3216
"Grimes, TX",48185,782
"Guadalupe, TX",48187,4941
"Hale, TX",48189,526
"Hall, TX",48191,61
"Hamilton, TX",48193,257
"Hansford, TX",48195,97
"Hardeman, TX",48197,91
"Hardin, TX",48199,1773
"Harris, TX",48201,76081
"Harrison, TX",48203,2255
"Hartley, TX",48205,161
"Haskell, TX",48207,110
"Hays, TX",48209,3198
"Hemphill, TX",48211,113
"Henderson, TX",48213,2985
"Hidalgo, TX",48215,6717
"Hill, TX",48217,1192
"Hockley, TX",48219,505
"Hood, TX",48221,2101
"Hopkins, TX",48223,898
"Houston, TX",48225,841
"Howard, TX",48227,1175
"Hudspeth, TX",48229,51
"Hunt, TX",48231,3004
"Hutchinson, TX",48233,778
"Irion, TX",48235,50
"Jack, TX",48237,276
"Jackson, TX",48239,473
"Jasper, TX",48241,951
"Jeff Davis, TX",48243,91
"Jefferson, TX",48245,7278
"Jim Hogg, TX",48247,113
"Jim Wells, TX",48249,1049
"Johnson, TX",48251,4392
"Jones, TX",48253,515
"Karnes, TX",48255,338
"Kaufman, TX",48257,2243
"Kendall, TX",48259,1116
"Kenedy, TX",48261,10
"Kent, TX",48263,37
"Kerr, TX",48265,1826
"Kimble, TX",48267,130
"King, TX",48269,0
"Kinney, TX",48271,166
"Kleberg, TX",48273,929
"Knox, TX",48275,56
"Lamar, TX",48277,1564
"Lamb, TX",48279,222
"Lampasas, TX",48281,1199
"La Salle, TX",48283,128
"Lavaca, TX",48285,514
"Lee, TX",48287,438
"Leon, TX",48289,477
"Liberty, TX",48291,2071
"Limestone, TX",48293,580
"Lipscomb, TX",48295,72
"Live Oak, TX",48297,479
"Llano, TX",48299,878
"Loving, TX",48301,2
"Lubbock, TX",48303,5918
"Lynn, TX",48305,123
"McCulloch, TX",48307,254
"McLennan, TX",48309,6959
"McMullen, TX",48311,31
"Madison, TX",48313,478
"Marion, TX",48315,499
"Martin, TX",48317,87
"Mason, TX",48319,92
"Matagorda, TX",48321,1098
"Maverick, TX",48323,474
"Medina, TX",48325,1550
"Menard, TX",48327,90
"Midland, TX",48329,3062
"Milam, TX",48331,844
"Mills, TX",48333,152
"Mitchell, TX",48335,378
"Montague, TX",48337,656
"Montgomery, TX",48339,10041
"Moore, TX",48341,353
"Morris, TX",48343,510
"Motley, TX",48345,38
"Nacogdoches, TX",48347,1563
"Navarro, TX",48349,1399
"Newton, TX",48351,456
"Nolan, TX",48353,402
"Nueces, TX",48355,11972
"Ochiltree, TX",48357,164
"Oldham, TX",48359,65
"Orange, TX",48361,2756
"Palo Pinto, TX",48363,1099
"Panola, TX",48365,651
"Parker, TX",48367,4087
"Parmer, TX",48369,159
"Pecos, TX",48371,378
"Polk, TX",48373,1579
"Potter, TX",48375,3134
"Presidio, TX",48377,148
"Rains, TX",48379,384
"Randall, TX",48381,3462
"Reagan, TX",48383,46
"Real, TX",48385,133
"Red River, TX",48387,381
"Reeves, TX",48389,236
"Refugio, TX",48391,253
"Roberts, TX",48393,35
"Robertson, TX",48395,552
"Rockwall, TX",48397,1418
"Runnels, TX",48399,297
"Rusk, TX",48401,1596
"Sabine, TX",48403,335
"San Augustine, TX",48405,245
"San Jacinto, TX",48407,765
"San Patricio, TX",48409,2036
"San Saba, TX",48411,154
"Schleicher, TX",48413,56
"Scurry, TX",48415,361
"Shackelford, TX",48417,68
"Shelby, TX",48419,652
"Sherman, TX",48421,69
"Smith, TX",48423,5169
"Somervell, TX",48425,205
"Starr, TX",48427,344
"Stephens, TX",48429,299
"Sterling, TX",48431,28
"Stonewall, TX",48433,51
"Sutton, TX",48435,69
"Swisher, TX",48437,156
"Tarrant, TX",48439,47582
"Taylor, TX",48441,4454
"Terrell, TX",48443,23
"Terry, TX",48445,244
"Throckmorton, TX",48447,46
"Titus, TX",48449,685
"Tom Green, TX",48451,3850
"Travis, TX",48453,22602
"Trinity, TX",48455,541
"Tyler, TX",48457,713
"Upshur, TX",48459,1167
"Upton, TX",48461,96
"Uvalde, TX",48463,577
"Val Verde, TX",48465,1343
"Van Zandt, TX",48467,1678
"Victoria, TX",48469,2900
"Walker, TX",48471,1736
"Waller, TX",48473,966
"Ward, TX",48475,310
"Washington, TX",48477,855
"Webb, TX",48479,2242
"Wharton, TX",48481,942
"Wheeler, TX",48483,155
"Wichita, TX",48485,5469
"Wilbarger, TX",48487,388
"Willacy, TX",48489,317
"Williamson, TX",48491,8658
"Wilson, TX",48493,1468
"Winkler, TX",48495,157
"Wise, TX",48497,1829
"Wood, TX",48499,1329
"Yoakum, TX",48501,137
"Young, TX",48503,372
"Zapata, TX",48505,163
"Zavala, TX",48507,153
UTAH,49000,51162
"Beaver, UT",49001,120
"Box Elder, UT",49003,1003
"Cache, UT",49005,1416
"Carbon, UT",49007,689
"Daggett, UT",49009,39
"Davis, UT",49011,6952
"Duchesne, UT",49013,371
"Emery, UT",49015,301
"Garfield, UT",49017,162
"Grand, UT",49019,296
"Iron, UT",49021,676
"Juab, UT",49023,208
"Kane, UT",49025,226
"Millard, UT",49027,274
"Morgan, UT",49029,203
"Piute, UT",49031,38
"Rich, UT",49033,37
"Salt Lake, UT",49035,20599
"San Juan, UT",49037,214
"Sanpete, UT",49039,439
"Sevier, UT",49041,551
"Summit, UT",49043,936
"Tooele, UT",49045,1185
"Uintah, UT",49047,649
"Utah, UT",49049,5017
"Wasatch, UT",49051,390
"Washington, UT",49053,2073
"Wayne, UT",49055,64
"Weber, UT",49057,6034
VERMONT,50000,20201
"Addison, VT",50001,1146
"Bennington, VT",50003,1469
"Caledonia, VT",50005,1127
"Chittenden, VT",50007,3870
"Essex, VT",50009,255
"Franklin, VT",50011,1543
"Grand Isle, VT",50013,288
"Lamoille, VT",50015,735
"Orange, VT",50017,1026
"Orleans, VT",50019,958
"Rutland, VT",50021,2292
"Washington, VT",50023,1938
"Windham, VT",50025,1529
"Windsor, VT",50027,2025
VIRGINIA,51000,278442
"Accomack, VA",51001,1232
"Albemarle, VA",51003,2436
"Alleghany, VA",51005,518
"Amelia, VA",51007,377
"Amherst, VA",51009,1075
"Appomattox, VA",51011,454
"Arlington, VA",51013,5931
"Augusta, VA",51015,2183
"Bath, VA",51017,117
"Bedford, VA",51019,2692
"Bland, VA",51021,306
"Botetourt, VA",51023,1234
"Brunswick, VA",51025,713
"Buchanan, VA",51027,478
"Buckingham, VA",51029,568
"Campbell, VA",51031,1878
"Caroline, VA",51033,857
"Carroll, VA",51035,878
"Charles City, VA",51036,288
"Charlotte, VA",51037,282
"Chesterfield, VA",51041,10517
"Clarke, VA",51043,543
"Craig, VA",51045,155
"Culpeper, VA",51047,997
"Cumberland, VA",51049,193
"Dickenson, VA",51051,424
"Dinwiddie, VA",51053,923
"Essex, VA",51057,328
"Fairfax, VA",51059,43341
"Fauquier, VA",51061,2645
"Floyd, VA",51063,419
"Fluvanna, VA",51065,713
"Franklin, VA",51067,1743
"Frederick, VA",51069,2162
"Giles, VA",51071,583
"Gloucester, VA",51073,2042
"Goochland, VA",51075,462
"Grayson, VA",51077,549
"Greene, VA",51079,462
"Greensville, VA",51081,457
"Halifax, VA",51083,1091
"Hanover, VA",51085,3301
"Henrico, VA",51087,7479
"Henry, VA",51089,2023
"Highland, VA",51091,113
"Isle of Wight, VA",51093,1313
"James City, VA",51095,2570
"King and Queen, VA",51097,219
"King George, VA",51099,782
"King William, VA",51101,475
"Lancaster, VA",51103,438
"Lee, VA",51105,828
"Loudoun, VA",51107,6127
"Louisa, VA",51109,836
"Lunenburg, VA",51111,531
"Madison, VA",51113,451
"Mathews, VA",51115,567
"Mecklenburg, VA",51117,1027
"Middlesex, VA",51119,429
"Montgomery, VA",51121,1827
"Nelson, VA",51125,551
"New Kent, VA",51127,584
"Northampton, VA",51131,379
"Northumberland, VA",51133,517
"Nottoway, VA",51135,503
"Orange, VA",51137,1063
"Page, VA",51139,802
"Patrick, VA",51141,551
"Pittsylvania, VA",51143,2264
"Powhatan, VA",51145,779
"Prince Edward, VA",51147,539
"Prince George, VA",51149,1563
"Prince William, VA",51153,14239
"Pulaski, VA",51155,1239
"Rappahannock, VA",51157,290
"Richmond, VA",51159,299
"Roanoke, VA",51161,3310
"Rockbridge, VA",51163,723
"Rockingham, VA",51165,2064
"Russell, VA",51167,674
"Scott, VA",51169,640
"Shenandoah, VA",51171,1490
"Smyth, VA",51173,961
"Southampton, VA",51175,611
"Spotsylvania, VA",51177,3918
"Stafford, VA",51179,5025
"Surry, VA",51181,180
"Sussex, VA",51183,377
"Tazewell, VA",51185,1525
"Warren, VA",51187,1140
"Washington, VA",51191,1583
"Westmoreland, VA",51193,750
"Wise, VA",51195,1094
"Wythe, VA",51197,751
"York, VA",51199,3167
"Alexandria, VA",51510,4579
"Bedford, VA",51515,121
"Bristol, VA",51520,441
"Buena Vista, VA",51530,203
"Charlottesville, VA",51540,739
"Chesapeake, VA",51550,9638
"Clifton Forge, VA",51560,141
"Colonial Heights, VA",51570,905
"Covington, VA",51580,203
"Danville, VA",51590,1420
"Emporia, VA",51595,118
"Fairfax, VA",51600,982
"Falls Church, VA",51610,465
"Franklin, VA",51620,248
"Fredericksburg, VA",51630,539
"Galax, VA",51640,146
"Hampton, VA",51650,7555
"Harrisonburg, VA",51660,557
"Hopewell, VA",51670,1032
"Lexington, VA",51678,201
"Lynchburg, VA",51680,1797
"Manassas, VA",51683,1366
"Manassas Park, VA",51685,264
"Martinsville, VA",51690,337
"Newport News, VA",51700,8115
"Norfolk, VA",51710,9323
"Norton, VA",51720,129
"Petersburg, VA",51730,1678
"Poquoson, VA",51735,736
"Portsmouth, VA",51740,4035
"Radford, VA",51750,315
"Richmond, VA",51760,5210
"Roanoke, VA",51770,3400
"Salem, VA",51775,948
"South Boston, VA",51780,0
"Staunton, VA",51790,911
"Suffolk, VA",51800,2443
"Virginia Beach, VA",51810,22763
"Waynesboro, VA",51820,749
"Williamsburg, VA",51830,252
"Winchester, VA",51840,711
WASHINGTON,53000,240714
"Adams, WA",53001,370
"Asotin, WA",53003,789
"Benton, WA",53005,5663
"Chelan, WA",53007,2275
"Clallam, WA",53009,3204
"Clark, WA",53011,13284
"Columbia, WA",53013,195
"Cowlitz, WA",53015,3744
"Douglas, WA",53017,1128
"Ferry, WA",53019,424
"Franklin, WA",53021,1159
"Garfield, WA",53023,69
"Grant, WA",53025,1999
"Grays Harbor, WA",53027,2748
"Island, WA",53029,4431
"Jefferson, WA",53031,1621
"King, WA",53033,57417
"Kitsap, WA",53035,14318
"Kittitas, WA",53037,1140
"Klickitat, WA",53039,755
"Lewis, WA",53041,3051
"Lincoln, WA",53043,466
"Mason, WA",53045,2856
"Okanogan, WA",53047,1625
"Pacific, WA",53049,1090
"Pend Oreille, WA",53051,746
"Pierce, WA",53053,36887
"San Juan, WA",53055,763
"Skagit, WA",53057,4367
"Skamania, WA",53059,479
"Snohomish, WA",53061,24359
"Spokane, WA",53063,18415
"Stevens, WA",53065,2161
"Thurston, WA",53067,11509
"Wahkiakum, WA",53069,164
"Walla Walla, WA",53071,1744
"Whatcom, WA",53073,6255
"Whitman, WA",53075,924
"Yakima, WA",53077,6120
WEST VIRGINIA,54000,65538
"Barbour, WV",54001,438
"Berkeley, WV",54003,3211
"Boone, WV",54005,897
"Braxton, WV",54007,449
"Brooke, WV",54009,895
"Cabell, WV",54011,3428
"Calhoun, WV",54013,294
"Clay, WV",54015,269
"Doddridge, WV",54017,262
"Fayette, WV",54019,1876
"Gilmer, WV",54021,234
"Grant, WV",54023,375
"Greenbrier, WV",54025,1254
"Hampshire, WV",54027,799
"Hancock, WV",54029,1227
"Hardy, WV",54031,481
"Harrison, WV",54033,2715
"Jackson, WV",54035,870
"Jefferson, WV",54037,1758
"Kanawha, WV",54039,7236
"Lewis, WV",54041,658
"Lincoln, WV",54043,548
"Logan, WV",54045,1236
"McDowell, WV",54047,780
"Marion, WV",54049,2127
"Marshall, WV",54051,1564
"Mason, WV",54053,919
"Mercer, WV",54055,2512
"Mineral, WV",54057,1283
"Mingo, WV",54059,862
"Monongalia, WV",54061,2274
"Monroe, WV",54063,562
"Morgan, WV",54065,521
"Nicholas, WV",54067,1002
"Ohio, WV",54069,1547
"Pendleton, WV",54071,267
"Pleasants, WV",54073,274
"Pocahontas, WV",54075,389
"Preston, WV",54077,1017
"Putnam, WV",54079,1725
"Raleigh, WV",54081,2846
"Randolph, WV",54083,1053
"Ritchie, WV",54085,402
"Roane, WV",54087,622
"Summers, WV",54089,571
"Taylor, WV",54091,625
"Tucker, WV",54093,300
"Tyler, WV",54095,370
"Upshur, WV",54097,812
"Wayne, WV",54099,1537
"Webster, WV",54101,335
"Wetzel, WV",54103,674
"Wirt, WV",54105,180
"Wood, WV",54107,3336
"Wyoming, WV",54109,840
WISCONSIN,55000,157331
"Adams, WI",55001,756
"Ashland, WI",55003,497
"Barron, WI",55005,1585
"Bayfield, WI",55007,627
"Brown, WI",55009,6781
"Buffalo, WI",55011,488
"Burnett, WI",55013,694
"Calumet, WI",55015,1142
"Chippewa, WI",55017,1877
"Clark, WI",55019,818
"Columbia, WI",55021,1629
"Crawford, WI",55023,627
"Dane, WI",55025,10938
"Dodge, WI",55027,2521
"Door, WI",55029,1039
"Douglas, WI",55031,1706
"Dunn, WI",55033,1084
"Eau Claire, WI",55035,2761
"Florence, WI",55037,229
"Fond du Lac, WI",55039,3040
"Forest, WI",55041,361
"Grant, WI",55043,1383
"Green, WI",55045,825
"Green Lake, WI",55047,564
"Iowa, WI",55049,599
"Iron, WI",55051,299
"Jackson, WI",55053,690
"Jefferson, WI",55055,2556
"Juneau, WI",55057,904
"Kenosha, WI",55059,4139
"Kewaunee, WI",55061,479
"La Crosse, WI",55063,3418
"Lafayette, WI",55065,350
"Langlade, WI",55067,683
"Lincoln, WI",55069,1004
"Manitowoc, WI",55071,2770
"Marathon, WI",55073,3850
"Marinette, WI",55075,1614
"Marquette, WI",55077,614
"Menominee, WI",55078,123
"Milwaukee, WI",55079,21972
"Monroe, WI",55081,1865
"Oconto, WI",55083,1244
"Oneida, WI",55085,1263
"Outagamie, WI",55087,4507
"Ozaukee, WI",55089,2403
"Pepin, WI",55091,172
"Pierce, WI",55093,1150
"Polk, WI",55095,1381
"Portage, WI",55097,1925
"Price, WI",55099,638
"Racine, WI",55101,5325
"Richland, WI",55103,571
"Rock, WI",55105,4737
"Rusk, WI",55107,508
"St. Croix, WI",55109,2259
"Sauk, WI",55111,1606
"Sawyer, WI",55113,624
"Shawano, WI",55115,1265
"Sheboygan, WI",55117,3171
"Taylor, WI",55119,527
"Trempealeau, WI",55121,852
"Vernon, WI",55123,837
"Vilas, WI",55125,830
"Walworth, WI",55127,2683
"Washburn, WI",55129,599
"Washington, WI",55131,3332
"Waukesha, WI",55133,11008
"Waupaca, WI",55135,1721
"Waushara, WI",55137,878
"Winnebago, WI",55139,4868
"Wood, WI",55141,2546
WYOMING,56000,20927
"Albany, WY",56001,952
"Big Horn, WY",56003,434
"Campbell, WY",56005,1394
"Carbon, WY",56007,828
"Converse, WY",56009,569
"Crook, WY",56011,303
"Fremont, WY",56013,1263
"Goshen, WY",56015,499
"Hot Springs, WY",56017,237
"Johnson, WY",56019,352
"Laramie, WY",56021,4215
"Lincoln, WY",56023,534
"Natrona, WY",56025,2410
"Niobrara, WY",56027,76
"Park, WY",56029,1143
"Platte, WY",56031,404
"Sheridan, WY",56033,1406
"Sublette, WY",56035,239
"Sweetwater, WY",56037,1741
"Teton, WY",56039,596
"Uinta, WY",56041,672
"Washakie, WY",56043,333
"Weston, WY",56045,327
