node,group
Centralize Collection Management Systems,group1
Reduce Archives Processing Backlog,group1
Improve Customer Services,group1
Secure Environment,group1
Consolidate processing systems,group2
Version Control Methods,group2
Control Static File Finding Aids,group2
Gain Operational Insight,group2
Complementary Descriptive Files,group2
Improve Location Management,group2
Simplify Container Management,group2
Preview Finding Aids,group2
Standardized publication method,group2
Standardize Finding Aid Format,group2
Streamline processing workflows,group2
Standardize format,group2
Digital Object Management Capability,group2
Reduce Materials Paging Lag,group2
Full Text Search Capability,group2
Digital objects access,group2
Standardize UX,group2
Non-roman character sets,group2
Security Compliance,group2
Touchpoint Reduction,group3
eXist Records Migration,group3
html finding aid publication,group3
Version Control,group3
Finding Aid File Audit,group3
File Management Check,group3
BI Reporting,group3
Disable File Upload,group3
Location Table,group3
Offsite Ordering,group3
Review prior to publish,group3
PUI Publication,group3
Transpose/Migrate Static File Finding Aids,group3
Patch PHP vulnerability,group3
ArchiveGrid/WorldCat Publication,group3
BibID Generation,group3
QC/Records Auditing,group3
Authority Control,group3
URI Delivery,group3
Contextualized text search,group3
Transpose/Migrate static finding aids,group3
Non-Roman Character Set Rendering,group3