process,dateA,processDate,status
CC-I-Finance-BankOfAmericaStatements_BAI2,2017-08-28T05:00:00-07:00,CC-I-Finance-BankOfAmericaStatements_BAI2 - 08/28/2017 05:00:21.626 (Completed),Completed
CC-O-Benefits-UnitedHealthcare,2017-08-28T00:15:00-07:00,CC-O-Benefits-UnitedHealthcare - 08/28/2017 00:15:22.036 (Completed),Completed
CC-O-Benefits-UnitedHealthcare-Vision,2017-08-28T05:00:00-07:00,CC-O-Benefits-UnitedHealthcare-Vision - 08/28/2017 05:00:21.586 (Completed),Completed
CC-O-Finance_ADP1099Quarterly,2017-08-28T09:54:00-07:00,CC-O-Finance_ADP1099Quarterly - 08/28/2017 09:54:22.763 (Completed),Completed
CC-O-Finance_ADP1099Quarterly,2017-08-28T10:01:00-07:00,CC-O-Finance_ADP1099Quarterly - 08/28/2017 10:01:34.520 (Completed),Completed
CC-O-Finance_ADP1099Quarterly,2017-08-28T10:28:00-07:00,CC-O-Finance_ADP1099Quarterly - 08/28/2017 10:28:09.774 (Completed),Completed
CC-O-Finance_ADP1099Quarterly,2017-08-28T10:33:00-07:00,CC-O-Finance_ADP1099Quarterly - 08/28/2017 10:33:41.126 (Completed),Completed
CC-O-Finance_ADP1099Quarterly,2017-08-28T10:39:00-07:00,CC-O-Finance_ADP1099Quarterly - 08/28/2017 10:39:23.318 (Completed),Completed
CC-O-Finance_ADP1099Quarterly,2017-08-28T10:53:00-07:00,CC-O-Finance_ADP1099Quarterly - 08/28/2017 10:53:20.715 (Completed With Errors),Completed With Errors
CC-O-Finance_ADP1099Quarterly,2017-08-28T10:57:00-07:00,CC-O-Finance_ADP1099Quarterly - 08/28/2017 10:57:07.014 (Completed),Completed
CC-O-Finance_ADP1099Quarterly,2017-08-28T11:05:00-07:00,CC-O-Finance_ADP1099Quarterly - 08/28/2017 11:05:14.846 (Completed),Completed
CC-O-Finance_ADP1099Quarterly,2017-08-28T12:13:00-07:00,CC-O-Finance_ADP1099Quarterly - 08/28/2017 12:13:59.648 (Completed),Completed
CC-O-Finance_ADP1099Quarterly,2017-08-28T12:41:00-07:00,CC-O-Finance_ADP1099Quarterly - 08/28/2017 12:41:47.994 (Completed),Completed
CC-O-Finance_ADP1099Quarterly,2017-08-28T12:45:00-07:00,CC-O-Finance_ADP1099Quarterly - 08/28/2017 12:45:57.160 (Completed),Completed
CC-O-Finance-ACH-PPD,2017-08-28T12:04:00-07:00,CC-O-Finance-ACH-PPD - 08/28/2017 12:04:45.780 (Completed),Completed
CC-O-Finance-PaymodeX-Extract,2017-08-28T12:04:00-07:00,CC-O-Finance-PaymodeX-Extract - 08/28/2017 12:04:45.322 (Completed),Completed
CC-O-Finance-PaymodeX-Extract,2017-08-28T12:04:00-07:00,CC-O-Finance-PaymodeX-Extract - 08/28/2017 12:04:45.561 (Completed),Completed
CC-O-Finance-PaymodeX-Extract,2017-08-28T12:04:00-07:00,CC-O-Finance-PaymodeX-Extract - 08/28/2017 12:04:46.346 (Completed),Completed
CC-O-Finance-PaymodeX-Transport,2017-08-28T12:05:00-07:00,CC-O-Finance-PaymodeX-Transport - 08/28/2017 12:05:13.423 (Completed),Completed
CC-O-Finance-PaymodeX-Transport,2017-08-28T12:05:00-07:00,CC-O-Finance-PaymodeX-Transport - 08/28/2017 12:05:13.748 (Completed),Completed
CC-O-Finance-PaymodeX-Transport,2017-08-28T12:05:00-07:00,CC-O-Finance-PaymodeX-Transport - 08/28/2017 12:05:17.851 (Completed),Completed
CC-O-Payroll-ADP-Tax-Filing-Periodic,2017-08-28T07:47:00-07:00,CC-O-Payroll-ADP-Tax-Filing-Periodic - 08/28/2017 07:47:18.551 (Completed),Completed
CC-O-Payroll-ADP-WagePayments,2017-08-28T07:37:00-07:00,CC-O-Payroll-ADP-WagePayments - 08/28/2017 07:37:09.018 (Completed with Warnings),Completed with Warnings
Data Load,2017-08-28T07:21:00-07:00,Data Load - 08/28/2017 07:21:40.675 (Completed),Completed
Data Load,2017-08-28T07:23:00-07:00,Data Load - 08/28/2017 07:23:01.630 (Completed),Completed
Data Load,2017-08-28T10:16:00-07:00,Data Load - 08/28/2017 10:16:26.521 (Completed),Completed
Data Load,2017-08-28T10:18:00-07:00,Data Load - 08/28/2017 10:18:21.891 (Completed),Completed
Data Load,2017-08-28T10:19:00-07:00,Data Load - 08/28/2017 10:19:54.904 (Completed),Completed
Data Load,2017-08-28T10:20:00-07:00,Data Load - 08/28/2017 10:20:53.182 (Completed),Completed
Data Load,2017-08-28T12:58:00-07:00,Data Load - 08/28/2017 12:58:51.298 (Completed),Completed
Data Load,2017-08-28T12:59:00-07:00,Data Load - 08/28/2017 12:59:53.836 (Completed),Completed
Data Load,2017-08-28T13:03:00-07:00,Data Load - 08/28/2017 13:03:38.612 (Completed),Completed
Data Load,2017-08-28T13:05:00-07:00,Data Load - 08/28/2017 13:05:01.134 (Completed),Completed
Document Delivery,2017-08-28T00:20:00-07:00,Document Delivery - 08/28/2017 00:20:51.362 (Completed),Completed
Document Delivery,2017-08-28T01:31:00-07:00,Document Delivery - 08/28/2017 01:31:02.963 (Completed),Completed
Document Delivery,2017-08-28T01:31:00-07:00,Document Delivery - 08/28/2017 01:31:24.681 (Completed),Completed
Document Delivery,2017-08-28T01:31:00-07:00,Document Delivery - 08/28/2017 01:31:25.362 (Completed),Completed
Document Delivery,2017-08-28T01:32:00-07:00,Document Delivery - 08/28/2017 01:32:01.038 (Completed),Completed
Document Delivery,2017-08-28T05:06:00-07:00,Document Delivery - 08/28/2017 05:06:01.170 (Completed),Completed
Document Delivery,2017-08-28T07:37:00-07:00,Document Delivery - 08/28/2017 07:37:43.029 (Completed),Completed
Document Delivery,2017-08-28T07:47:00-07:00,Document Delivery - 08/28/2017 07:47:46.041 (Completed),Completed
Document Delivery,2017-08-28T09:54:00-07:00,Document Delivery - 08/28/2017 09:54:43.341 (Completed),Completed
Document Delivery,2017-08-28T10:02:00-07:00,Document Delivery - 08/28/2017 10:02:05.351 (Completed),Completed
Document Delivery,2017-08-28T10:28:00-07:00,Document Delivery - 08/28/2017 10:28:19.862 (Completed),Completed
Document Delivery,2017-08-28T10:34:00-07:00,Document Delivery - 08/28/2017 10:34:01.584 (Completed),Completed
Document Delivery,2017-08-28T10:39:00-07:00,Document Delivery - 08/28/2017 10:39:28.579 (Completed),Completed
Document Delivery,2017-08-28T10:57:00-07:00,Document Delivery - 08/28/2017 10:57:24.127 (Completed),Completed
Document Delivery,2017-08-28T11:05:00-07:00,Document Delivery - 08/28/2017 11:05:37.301 (Completed),Completed
Document Delivery,2017-08-28T12:05:00-07:00,Document Delivery - 08/28/2017 12:05:14.973 (Completed),Completed
Document Delivery,2017-08-28T12:05:00-07:00,Document Delivery - 08/28/2017 12:05:25.999 (Completed),Completed
Document Delivery,2017-08-28T12:05:00-07:00,Document Delivery - 08/28/2017 12:05:30.462 (Completed),Completed
Document Delivery,2017-08-28T12:05:00-07:00,Document Delivery - 08/28/2017 12:05:30.915 (Completed),Completed
Document Delivery,2017-08-28T12:06:00-07:00,Document Delivery - 08/28/2017 12:06:11.052 (Completed),Completed
Document Delivery,2017-08-28T12:06:00-07:00,Document Delivery - 08/28/2017 12:06:11.951 (Completed),Completed
Document Delivery,2017-08-28T12:06:00-07:00,Document Delivery - 08/28/2017 12:06:29.216 (Completed),Completed
Document Delivery,2017-08-28T12:07:00-07:00,Document Delivery - 08/28/2017 12:07:08.837 (Completed),Completed
Document Delivery,2017-08-28T12:07:00-07:00,Document Delivery - 08/28/2017 12:07:50.134 (Completed),Completed
Document Delivery,2017-08-28T12:14:00-07:00,Document Delivery - 08/28/2017 12:14:10.657 (Completed),Completed
Document Delivery,2017-08-28T12:42:00-07:00,Document Delivery - 08/28/2017 12:42:10.303 (Completed),Completed
Document Delivery,2017-08-28T12:46:00-07:00,Document Delivery - 08/28/2017 12:46:02.655 (Completed),Completed
Document Retrieval,2017-08-28T03:00:00-07:00,Document Retrieval - 08/28/2017 03:00:21.754 (Completed),Completed
Document Retrieval,2017-08-28T04:00:00-07:00,Document Retrieval - 08/28/2017 04:00:21.782 (Completed),Completed
Document Retrieval,2017-08-28T04:00:00-07:00,Document Retrieval - 08/28/2017 04:00:21.788 (Completed),Completed
Document Retrieval,2017-08-28T04:30:00-07:00,Document Retrieval - 08/28/2017 04:30:21.777 (Completed),Completed
Document Retrieval,2017-08-28T04:30:00-07:00,Document Retrieval - 08/28/2017 04:30:21.784 (Completed),Completed
Document Retrieval,2017-08-28T04:30:00-07:00,Document Retrieval - 08/28/2017 04:30:21.790 (Completed),Completed
Document Retrieval,2017-08-28T04:45:00-07:00,Document Retrieval - 08/28/2017 04:45:21.711 (Completed),Completed
Document Retrieval,2017-08-28T05:00:00-07:00,Document Retrieval - 08/28/2017 05:00:21.626 (Completed),Completed
Document Retrieval,2017-08-28T05:00:00-07:00,Document Retrieval - 08/28/2017 05:00:22.021 (Completed),Completed
Document Retrieval,2017-08-28T05:00:00-07:00,Document Retrieval - 08/28/2017 05:00:22.029 (Completed),Completed
Document Retrieval,2017-08-28T05:00:00-07:00,Document Retrieval - 08/28/2017 05:00:22.042 (Completed),Completed
Document Retrieval,2017-08-28T05:00:00-07:00,Document Retrieval - 08/28/2017 05:00:22.117 (Completed),Completed
Document Retrieval,2017-08-28T05:30:00-07:00,Document Retrieval - 08/28/2017 05:30:21.739 (Completed),Completed
Document Retrieval,2017-08-28T05:30:00-07:00,Document Retrieval - 08/28/2017 05:30:21.762 (Completed),Completed
Document Retrieval,2017-08-28T06:00:00-07:00,Document Retrieval - 08/28/2017 06:00:21.775 (Completed),Completed
Document Retrieval,2017-08-28T06:15:00-07:00,Document Retrieval - 08/28/2017 06:15:21.777 (Completed),Completed
Document Retrieval,2017-08-28T06:15:00-07:00,Document Retrieval - 08/28/2017 06:15:21.786 (Completed),Completed
Document Retrieval,2017-08-28T06:15:00-07:00,Document Retrieval - 08/28/2017 06:15:21.791 (Completed),Completed
Document Retrieval,2017-08-28T06:30:00-07:00,Document Retrieval - 08/28/2017 06:30:21.745 (Completed),Completed
Document Retrieval,2017-08-28T06:30:00-07:00,Document Retrieval - 08/28/2017 06:30:21.752 (Completed),Completed
Document Retrieval,2017-08-28T06:32:00-07:00,Document Retrieval - 08/28/2017 06:32:06.677 (Completed),Completed
Document Retrieval,2017-08-28T08:00:00-07:00,Document Retrieval - 08/28/2017 08:00:21.733 (Completed),Completed
Document Retrieval,2017-08-28T08:00:00-07:00,Document Retrieval - 08/28/2017 08:00:21.752 (Completed),Completed
Document Retrieval,2017-08-28T08:00:00-07:00,Document Retrieval - 08/28/2017 08:00:21.756 (Completed),Completed
Document Retrieval,2017-08-28T08:04:00-07:00,Document Retrieval - 08/28/2017 08:04:32.317 (Completed),Completed
Document Retrieval,2017-08-28T08:12:00-07:00,Document Retrieval - 08/28/2017 08:12:45.264 (Completed),Completed
Document Retrieval,2017-08-28T08:58:00-07:00,Document Retrieval - 08/28/2017 08:58:03.141 (Completed),Completed
Document Retrieval,2017-08-28T09:00:00-07:00,Document Retrieval - 08/28/2017 09:00:21.739 (Completed),Completed
Document Retrieval,2017-08-28T09:29:00-07:00,Document Retrieval - 08/28/2017 09:29:00.922 (Completed),Completed
Document Retrieval,2017-08-28T09:54:00-07:00,Document Retrieval - 08/28/2017 09:54:22.763 (Completed),Completed
Document Retrieval,2017-08-28T10:00:00-07:00,Document Retrieval - 08/28/2017 10:00:21.797 (Completed),Completed
Document Retrieval,2017-08-28T10:01:00-07:00,Document Retrieval - 08/28/2017 10:01:34.520 (Completed),Completed
Document Retrieval,2017-08-28T10:28:00-07:00,Document Retrieval - 08/28/2017 10:28:09.774 (Completed),Completed
Document Retrieval,2017-08-28T10:30:00-07:00,Document Retrieval - 08/28/2017 10:30:21.742 (Completed),Completed
Document Retrieval,2017-08-28T10:33:00-07:00,Document Retrieval - 08/28/2017 10:33:41.126 (Completed),Completed
Document Retrieval,2017-08-28T10:39:00-07:00,Document Retrieval - 08/28/2017 10:39:23.318 (Completed),Completed
Document Retrieval,2017-08-28T10:53:00-07:00,Document Retrieval - 08/28/2017 10:53:20.715 (Completed),Completed
Document Retrieval,2017-08-28T10:57:00-07:00,Document Retrieval - 08/28/2017 10:57:07.014 (Completed),Completed
Document Retrieval,2017-08-28T11:05:00-07:00,Document Retrieval - 08/28/2017 11:05:14.846 (Completed),Completed
Document Retrieval,2017-08-28T12:13:00-07:00,Document Retrieval - 08/28/2017 12:13:59.648 (Completed),Completed
Document Retrieval,2017-08-28T12:41:00-07:00,Document Retrieval - 08/28/2017 12:41:47.994 (Completed),Completed
Document Retrieval,2017-08-28T12:45:00-07:00,Document Retrieval - 08/28/2017 12:45:57.160 (Completed),Completed
Document Retrieval,2017-08-28T14:00:00-07:00,Document Retrieval - 08/28/2017 14:00:21.738 (Completed),Completed
EIB - All Positions for Provisioning,2017-08-28T12:05:00-07:00,EIB - All Positions for Provisioning - 08/28/2017 12:05:46.134 (Completed),Completed
EIB - All Supervisory and Superior Organizations,2017-08-28T12:05:00-07:00,EIB - All Supervisory and Superior Organizations - 08/28/2017 12:05:59.883 (Completed),Completed
EIB - Current Academic Appointments,2017-08-28T12:06:00-07:00,EIB - Current Academic Appointments - 08/28/2017 12:06:12.099 (Completed),Completed
EIB - Manage Period Activity Assignments - Attachment,2017-08-28T07:21:00-07:00,EIB - Manage Period Activity Assignments - Attachment - 08/28/2017 07:21:13.438 (Completed),Completed
EIB - Manage Period Activity Assignments - Attachment,2017-08-28T07:22:00-07:00,EIB - Manage Period Activity Assignments - Attachment - 08/28/2017 07:22:56.506 (Completed),Completed
EIB - Manage Period Activity Assignments - Attachment,2017-08-28T12:58:00-07:00,EIB - Manage Period Activity Assignments - Attachment - 08/28/2017 12:58:21.626 (Completed),Completed
EIB - Manage Period Activity Assignments - Attachment,2017-08-28T12:59:00-07:00,EIB - Manage Period Activity Assignments - Attachment - 08/28/2017 12:59:48.694 (Completed),Completed
EIB - Manage Period Activity Assignments - Attachment,2017-08-28T13:03:00-07:00,EIB - Manage Period Activity Assignments - Attachment - 08/28/2017 13:03:12.872 (Completed),Completed
EIB - Manage Period Activity Assignments - Attachment,2017-08-28T13:04:00-07:00,EIB - Manage Period Activity Assignments - Attachment - 08/28/2017 13:04:23.841 (Completed),Completed
EIB-O-Active Union Members,2017-08-28T01:30:00-07:00,EIB-O-Active Union Members - 08/28/2017 01:30:21.610 (Completed),Completed
EIB-O-Cancelled-Course-Assignments,2017-08-28T01:30:00-07:00,EIB-O-Cancelled-Course-Assignments - 08/28/2017 01:30:21.578 (Completed),Completed
EIB-O-Period Activity Tasks,2017-08-28T01:30:00-07:00,EIB-O-Period Activity Tasks - 08/28/2017 01:30:21.585 (Completed),Completed
EIB-O-UAW and Jazz Contractual Detail,2017-08-28T01:30:00-07:00,EIB-O-UAW and Jazz Contractual Detail - 08/28/2017 01:30:21.600 (Completed),Completed
EIB - Person Classification Report,2017-08-28T12:06:00-07:00,EIB - Person Classification Report - 08/28/2017 12:06:37.279 (Completed),Completed
EIB - Person Classification Report - Future Hires,2017-08-28T12:06:00-07:00,EIB - Person Classification Report - Future Hires - 08/28/2017 12:06:53.820 (Completed),Completed
Import BAI2 Bank Statement Post-Processor,2017-08-28T05:03:00-07:00,Import BAI2 Bank Statement Post-Processor - 08/28/2017 05:03:23.944 (Completed),Completed
Payroll Input (Reduced Columns)- EIB,2017-08-28T10:15:00-07:00,Payroll Input (Reduced Columns)- EIB - 08/28/2017 10:15:58.665 (Completed),Completed
Payroll Input (Reduced Columns)- EIB,2017-08-28T10:17:00-07:00,Payroll Input (Reduced Columns)- EIB - 08/28/2017 10:17:54.357 (Completed),Completed
Payroll Input (Reduced Columns)- EIB,2017-08-28T10:19:00-07:00,Payroll Input (Reduced Columns)- EIB - 08/28/2017 10:19:49.025 (Completed),Completed
Payroll Input (Reduced Columns)- EIB,2017-08-28T10:20:00-07:00,Payroll Input (Reduced Columns)- EIB - 08/28/2017 10:20:47.658 (Completed),Completed
Print Service Retrieve Report And Generate PDF,2017-08-28T03:23:00-07:00,Print Service Retrieve Report And Generate PDF - 08/28/2017 03:23:53.045 (Completed),Completed
PrintServiceRetrieveReportAndParmsAndGeneratePDF,2017-08-28T01:15:00-07:00,PrintServiceRetrieveReportAndParmsAndGeneratePDF - 08/28/2017 01:15:24.202 (Completed),Completed
PrintServiceRetrieveReportAndParmsAndGeneratePDF,2017-08-28T05:48:00-07:00,PrintServiceRetrieveReportAndParmsAndGeneratePDF - 08/28/2017 05:48:42.722 (Completed),Completed
PrintServiceRetrieveReportAndParmsAndGeneratePDF,2017-08-28T06:34:00-07:00,PrintServiceRetrieveReportAndParmsAndGeneratePDF - 08/28/2017 06:34:51.963 (Completed),Completed
PrintServiceRetrieveReportAndParmsAndGeneratePDF,2017-08-28T06:35:00-07:00,PrintServiceRetrieveReportAndParmsAndGeneratePDF - 08/28/2017 06:35:42.782 (Completed),Completed
PrintServiceRetrieveReportAndParmsAndGeneratePDF,2017-08-28T06:36:00-07:00,PrintServiceRetrieveReportAndParmsAndGeneratePDF - 08/28/2017 06:36:19.236 (Completed),Completed
PrintServiceRetrieveReportAndParmsAndGeneratePDF,2017-08-28T06:53:00-07:00,PrintServiceRetrieveReportAndParmsAndGeneratePDF - 08/28/2017 06:53:25.345 (Completed),Completed
PrintServiceRetrieveReportAndParmsAndGeneratePDF,2017-08-28T06:57:00-07:00,PrintServiceRetrieveReportAndParmsAndGeneratePDF - 08/28/2017 06:57:51.123 (Completed),Completed
PrintServiceRetrieveReportAndParmsAndGeneratePDF,2017-08-28T07:09:00-07:00,PrintServiceRetrieveReportAndParmsAndGeneratePDF - 08/28/2017 07:09:21.591 (Completed),Completed
PrintServiceRetrieveReportAndParmsAndGeneratePDF,2017-08-28T07:09:00-07:00,PrintServiceRetrieveReportAndParmsAndGeneratePDF - 08/28/2017 07:09:41.902 (Completed),Completed
PrintServiceRetrieveReportAndParmsAndGeneratePDF,2017-08-28T07:11:00-07:00,PrintServiceRetrieveReportAndParmsAndGeneratePDF - 08/28/2017 07:11:32.453 (Completed),Completed
PrintServiceRetrieveReportAndParmsAndGeneratePDF,2017-08-28T07:11:00-07:00,PrintServiceRetrieveReportAndParmsAndGeneratePDF - 08/28/2017 07:11:49.961 (Completed),Completed
PrintServiceRetrieveReportAndParmsAndGeneratePDF,2017-08-28T07:30:00-07:00,PrintServiceRetrieveReportAndParmsAndGeneratePDF - 08/28/2017 07:30:01.597 (Completed),Completed
PrintServiceRetrieveReportAndParmsAndGeneratePDF,2017-08-28T07:30:00-07:00,PrintServiceRetrieveReportAndParmsAndGeneratePDF - 08/28/2017 07:30:22.508 (Completed),Completed
PrintServiceRetrieveReportAndParmsAndGeneratePDF,2017-08-28T07:31:00-07:00,PrintServiceRetrieveReportAndParmsAndGeneratePDF - 08/28/2017 07:31:27.794 (Completed),Completed
PrintServiceRetrieveReportAndParmsAndGeneratePDF,2017-08-28T07:31:00-07:00,PrintServiceRetrieveReportAndParmsAndGeneratePDF - 08/28/2017 07:31:49.874 (Completed),Completed
PrintServiceRetrieveReportAndParmsAndGeneratePDF,2017-08-28T07:45:00-07:00,PrintServiceRetrieveReportAndParmsAndGeneratePDF - 08/28/2017 07:45:28.436 (Completed),Completed
PrintServiceRetrieveReportAndParmsAndGeneratePDF,2017-08-28T07:59:00-07:00,PrintServiceRetrieveReportAndParmsAndGeneratePDF - 08/28/2017 07:59:20.421 (Completed),Completed
PrintServiceRetrieveReportAndParmsAndGeneratePDF,2017-08-28T08:23:00-07:00,PrintServiceRetrieveReportAndParmsAndGeneratePDF - 08/28/2017 08:23:18.805 (Completed),Completed
PrintServiceRetrieveReportAndParmsAndGeneratePDF,2017-08-28T08:33:00-07:00,PrintServiceRetrieveReportAndParmsAndGeneratePDF - 08/28/2017 08:33:13.026 (Completed),Completed
PrintServiceRetrieveReportAndParmsAndGeneratePDF,2017-08-28T09:04:00-07:00,PrintServiceRetrieveReportAndParmsAndGeneratePDF - 08/28/2017 09:04:21.271 (Completed),Completed
PrintServiceRetrieveReportAndParmsAndGeneratePDF,2017-08-28T09:04:00-07:00,PrintServiceRetrieveReportAndParmsAndGeneratePDF - 08/28/2017 09:04:32.133 (Completed),Completed
PrintServiceRetrieveReportAndParmsAndGeneratePDF,2017-08-28T09:40:00-07:00,PrintServiceRetrieveReportAndParmsAndGeneratePDF - 08/28/2017 09:40:09.648 (Completed),Completed
PrintServiceRetrieveReportAndParmsAndGeneratePDF,2017-08-28T09:43:00-07:00,PrintServiceRetrieveReportAndParmsAndGeneratePDF - 08/28/2017 09:43:33.860 (Completed),Completed
PrintServiceRetrieveReportAndParmsAndGeneratePDF,2017-08-28T09:49:00-07:00,PrintServiceRetrieveReportAndParmsAndGeneratePDF - 08/28/2017 09:49:42.549 (Completed),Completed
PrintServiceRetrieveReportAndParmsAndGeneratePDF,2017-08-28T09:51:00-07:00,PrintServiceRetrieveReportAndParmsAndGeneratePDF - 08/28/2017 09:51:24.738 (Completed),Completed
PrintServiceRetrieveReportAndParmsAndGeneratePDF,2017-08-28T10:09:00-07:00,PrintServiceRetrieveReportAndParmsAndGeneratePDF - 08/28/2017 10:09:04.050 (Completed),Completed
PrintServiceRetrieveReportAndParmsAndGeneratePDF,2017-08-28T10:59:00-07:00,PrintServiceRetrieveReportAndParmsAndGeneratePDF - 08/28/2017 10:59:06.095 (Completed),Completed
PrintServiceRetrieveReportAndParmsAndGeneratePDF,2017-08-28T10:59:00-07:00,PrintServiceRetrieveReportAndParmsAndGeneratePDF - 08/28/2017 10:59:12.480 (Completed),Completed
PrintServiceRetrieveReportAndParmsAndGeneratePDF,2017-08-28T10:59:00-07:00,PrintServiceRetrieveReportAndParmsAndGeneratePDF - 08/28/2017 10:59:25.004 (Completed),Completed
PrintServiceRetrieveReportAndParmsAndGeneratePDF,2017-08-28T10:59:00-07:00,PrintServiceRetrieveReportAndParmsAndGeneratePDF - 08/28/2017 10:59:57.425 (Completed),Completed
PrintServiceRetrieveReportAndParmsAndGeneratePDF,2017-08-28T11:26:00-07:00,PrintServiceRetrieveReportAndParmsAndGeneratePDF - 08/28/2017 11:26:42.793 (Completed),Completed
PrintServiceRetrieveReportAndParmsAndGeneratePDF,2017-08-28T11:38:00-07:00,PrintServiceRetrieveReportAndParmsAndGeneratePDF - 08/28/2017 11:38:29.376 (Completed),Completed
PrintServiceRetrieveReportAndParmsAndGeneratePDF,2017-08-28T11:43:00-07:00,PrintServiceRetrieveReportAndParmsAndGeneratePDF - 08/28/2017 11:43:25.238 (Completed),Completed
PrintServiceRetrieveReportAndParmsAndGeneratePDF,2017-08-28T11:47:00-07:00,PrintServiceRetrieveReportAndParmsAndGeneratePDF - 08/28/2017 11:47:32.518 (Completed),Completed
PrintServiceRetrieveReportAndParmsAndGeneratePDF,2017-08-28T11:59:00-07:00,PrintServiceRetrieveReportAndParmsAndGeneratePDF - 08/28/2017 11:59:40.752 (Completed),Completed
PrintServiceRetrieveReportAndParmsAndGeneratePDF,2017-08-28T12:01:00-07:00,PrintServiceRetrieveReportAndParmsAndGeneratePDF - 08/28/2017 12:01:58.189 (Completed),Completed
PrintServiceRetrieveReportAndParmsAndGeneratePDF,2017-08-28T12:02:00-07:00,PrintServiceRetrieveReportAndParmsAndGeneratePDF - 08/28/2017 12:02:02.977 (Completed),Completed
PrintServiceRetrieveReportAndParmsAndGeneratePDF,2017-08-28T12:02:00-07:00,PrintServiceRetrieveReportAndParmsAndGeneratePDF - 08/28/2017 12:02:07.664 (Completed),Completed
PrintServiceRetrieveReportAndParmsAndGeneratePDF,2017-08-28T12:03:00-07:00,PrintServiceRetrieveReportAndParmsAndGeneratePDF - 08/28/2017 12:03:35.125 (Completed),Completed
PrintServiceRetrieveReportAndParmsAndGeneratePDF,2017-08-28T12:09:00-07:00,PrintServiceRetrieveReportAndParmsAndGeneratePDF - 08/28/2017 12:09:37.098 (Completed),Completed
PrintServiceRetrieveReportAndParmsAndGeneratePDF,2017-08-28T12:11:00-07:00,PrintServiceRetrieveReportAndParmsAndGeneratePDF - 08/28/2017 12:11:27.235 (Completed),Completed
PrintServiceRetrieveReportAndParmsAndGeneratePDF,2017-08-28T12:12:00-07:00,PrintServiceRetrieveReportAndParmsAndGeneratePDF - 08/28/2017 12:12:51.213 (Completed),Completed
PrintServiceRetrieveReportAndParmsAndGeneratePDF,2017-08-28T12:13:00-07:00,PrintServiceRetrieveReportAndParmsAndGeneratePDF - 08/28/2017 12:13:38.525 (Completed),Completed
PrintServiceRetrieveReportAndParmsAndGeneratePDF,2017-08-28T12:14:00-07:00,PrintServiceRetrieveReportAndParmsAndGeneratePDF - 08/28/2017 12:14:22.767 (Completed),Completed
PrintServiceRetrieveReportAndParmsAndGeneratePDF,2017-08-28T12:22:00-07:00,PrintServiceRetrieveReportAndParmsAndGeneratePDF - 08/28/2017 12:22:23.465 (Completed),Completed
PrintServiceRetrieveReportAndParmsAndGeneratePDF,2017-08-28T12:43:00-07:00,PrintServiceRetrieveReportAndParmsAndGeneratePDF - 08/28/2017 12:43:26.021 (Completed),Completed
PrintServiceRetrieveReportAndParmsAndGeneratePDF,2017-08-28T12:56:00-07:00,PrintServiceRetrieveReportAndParmsAndGeneratePDF - 08/28/2017 12:56:24.455 (Completed),Completed
PrintServiceRetrieveReportAndParmsAndGeneratePDF,2017-08-28T12:56:00-07:00,PrintServiceRetrieveReportAndParmsAndGeneratePDF - 08/28/2017 12:56:30.748 (Completed),Completed
PrintServiceRetrieveReportAndParmsAndGeneratePDF,2017-08-28T12:58:00-07:00,PrintServiceRetrieveReportAndParmsAndGeneratePDF - 08/28/2017 12:58:24.659 (Completed),Completed
PrintServiceRetrieveReportAndParmsAndGeneratePDF,2017-08-28T13:28:00-07:00,PrintServiceRetrieveReportAndParmsAndGeneratePDF - 08/28/2017 13:28:17.802 (Completed),Completed
PrintServiceRetrieveReportAndParmsAndGeneratePDF,2017-08-28T13:32:00-07:00,PrintServiceRetrieveReportAndParmsAndGeneratePDF - 08/28/2017 13:32:55.587 (Completed),Completed
PrintServiceRetrieveReportAndParmsAndGeneratePDF,2017-08-28T13:33:00-07:00,PrintServiceRetrieveReportAndParmsAndGeneratePDF - 08/28/2017 13:33:04.420 (Completed),Completed
PrintServiceRetrieveReportAndParmsAndGeneratePDF,2017-08-28T13:37:00-07:00,PrintServiceRetrieveReportAndParmsAndGeneratePDF - 08/28/2017 13:37:54.353 (Completed),Completed
PrintServiceRetrieveReportAndParmsAndGeneratePDF,2017-08-28T13:37:00-07:00,PrintServiceRetrieveReportAndParmsAndGeneratePDF - 08/28/2017 13:37:56.033 (Completed),Completed
PrintServiceRetrieveReportAndParmsAndGeneratePDF,2017-08-28T13:37:00-07:00,PrintServiceRetrieveReportAndParmsAndGeneratePDF - 08/28/2017 13:37:56.402 (Completed),Completed
PrintServiceRetrieveReportAndParmsAndGeneratePDF,2017-08-28T13:37:00-07:00,PrintServiceRetrieveReportAndParmsAndGeneratePDF - 08/28/2017 13:37:56.785 (Completed),Completed
PrintServiceRetrieveReportAndParmsAndGeneratePDF,2017-08-28T13:37:00-07:00,PrintServiceRetrieveReportAndParmsAndGeneratePDF - 08/28/2017 13:37:57.125 (Completed),Completed
PrintServiceRetrieveReportAndParmsAndGeneratePDF,2017-08-28T13:37:00-07:00,PrintServiceRetrieveReportAndParmsAndGeneratePDF - 08/28/2017 13:37:57.482 (Completed),Completed
PrintServiceRetrieveReportAndParmsAndGeneratePDF,2017-08-28T13:37:00-07:00,PrintServiceRetrieveReportAndParmsAndGeneratePDF - 08/28/2017 13:37:58.220 (Completed),Completed
PrintServiceRetrieveReportAndParmsAndGeneratePDF,2017-08-28T13:37:00-07:00,PrintServiceRetrieveReportAndParmsAndGeneratePDF - 08/28/2017 13:37:58.916 (Completed),Completed
PrintServiceRetrieveReportAndParmsAndGeneratePDF,2017-08-28T13:37:00-07:00,PrintServiceRetrieveReportAndParmsAndGeneratePDF - 08/28/2017 13:37:59.345 (Completed),Completed
PrintServiceRetrieveReportAndParmsAndGeneratePDF,2017-08-28T13:37:00-07:00,PrintServiceRetrieveReportAndParmsAndGeneratePDF - 08/28/2017 13:37:59.603 (Completed),Completed
PrintServiceRetrieveReportAndParmsAndGeneratePDF,2017-08-28T13:38:00-07:00,PrintServiceRetrieveReportAndParmsAndGeneratePDF - 08/28/2017 13:38:00.014 (Completed),Completed
PrintServiceRetrieveReportAndParmsAndGeneratePDF,2017-08-28T13:38:00-07:00,PrintServiceRetrieveReportAndParmsAndGeneratePDF - 08/28/2017 13:38:00.321 (Completed),Completed
PrintServiceRetrieveReportAndParmsAndGeneratePDF,2017-08-28T13:38:00-07:00,PrintServiceRetrieveReportAndParmsAndGeneratePDF - 08/28/2017 13:38:03.090 (Completed),Completed
PrintServiceRetrieveReportAndParmsAndGeneratePDF,2017-08-28T13:38:00-07:00,PrintServiceRetrieveReportAndParmsAndGeneratePDF - 08/28/2017 13:38:03.385 (Completed),Completed
PrintServiceRetrieveReportAndParmsAndGeneratePDF,2017-08-28T13:38:00-07:00,PrintServiceRetrieveReportAndParmsAndGeneratePDF - 08/28/2017 13:38:03.764 (Completed),Completed
PrintServiceRetrieveReportAndParmsAndGeneratePDF,2017-08-28T13:38:00-07:00,PrintServiceRetrieveReportAndParmsAndGeneratePDF - 08/28/2017 13:38:04.174 (Completed),Completed
PrintServiceRetrieveReportAndParmsAndGeneratePDF,2017-08-28T13:38:00-07:00,PrintServiceRetrieveReportAndParmsAndGeneratePDF - 08/28/2017 13:38:04.510 (Completed),Completed
PrintServiceRetrieveReportAndParmsAndGeneratePDF,2017-08-28T13:38:00-07:00,PrintServiceRetrieveReportAndParmsAndGeneratePDF - 08/28/2017 13:38:04.933 (Completed),Completed
PrintServiceRetrieveReportAndParmsAndGeneratePDF,2017-08-28T13:38:00-07:00,PrintServiceRetrieveReportAndParmsAndGeneratePDF - 08/28/2017 13:38:05.348 (Completed),Completed
PrintServiceRetrieveReportAndParmsAndGeneratePDF,2017-08-28T13:38:00-07:00,PrintServiceRetrieveReportAndParmsAndGeneratePDF - 08/28/2017 13:38:05.618 (Completed),Completed
PrintServiceRetrieveReportAndParmsAndGeneratePDF,2017-08-28T13:38:00-07:00,PrintServiceRetrieveReportAndParmsAndGeneratePDF - 08/28/2017 13:38:06.329 (Completed),Completed
PrintServiceRetrieveReportAndParmsAndGeneratePDF,2017-08-28T13:38:00-07:00,PrintServiceRetrieveReportAndParmsAndGeneratePDF - 08/28/2017 13:38:06.619 (Completed),Completed
PrintServiceRetrieveReportAndParmsAndGeneratePDF,2017-08-28T13:38:00-07:00,PrintServiceRetrieveReportAndParmsAndGeneratePDF - 08/28/2017 13:38:07.004 (Completed),Completed
PrintServiceRetrieveReportAndParmsAndGeneratePDF,2017-08-28T13:38:00-07:00,PrintServiceRetrieveReportAndParmsAndGeneratePDF - 08/28/2017 13:38:07.473 (Completed),Completed
PrintServiceRetrieveReportAndParmsAndGeneratePDF,2017-08-28T13:38:00-07:00,PrintServiceRetrieveReportAndParmsAndGeneratePDF - 08/28/2017 13:38:07.877 (Completed),Completed
PrintServiceRetrieveReportAndParmsAndGeneratePDF,2017-08-28T13:38:00-07:00,PrintServiceRetrieveReportAndParmsAndGeneratePDF - 08/28/2017 13:38:08.180 (Completed),Completed
PrintServiceRetrieveReportAndParmsAndGeneratePDF,2017-08-28T13:38:00-07:00,PrintServiceRetrieveReportAndParmsAndGeneratePDF - 08/28/2017 13:38:08.549 (Completed),Completed
PrintServiceRetrieveReportAndParmsAndGeneratePDF,2017-08-28T13:38:00-07:00,PrintServiceRetrieveReportAndParmsAndGeneratePDF - 08/28/2017 13:38:08.805 (Completed),Completed
PrintServiceRetrieveReportAndParmsAndGeneratePDF,2017-08-28T13:38:00-07:00,PrintServiceRetrieveReportAndParmsAndGeneratePDF - 08/28/2017 13:38:09.564 (Completed),Completed
PrintServiceRetrieveReportAndParmsAndGeneratePDF,2017-08-28T13:38:00-07:00,PrintServiceRetrieveReportAndParmsAndGeneratePDF - 08/28/2017 13:38:09.801 (Completed),Completed
PrintServiceRetrieveReportAndParmsAndGeneratePDF,2017-08-28T13:38:00-07:00,PrintServiceRetrieveReportAndParmsAndGeneratePDF - 08/28/2017 13:38:10.201 (Completed),Completed
PrintServiceRetrieveReportAndParmsAndGeneratePDF,2017-08-28T13:38:00-07:00,PrintServiceRetrieveReportAndParmsAndGeneratePDF - 08/28/2017 13:38:10.493 (Completed),Completed
PrintServiceRetrieveReportAndParmsAndGeneratePDF,2017-08-28T13:38:00-07:00,PrintServiceRetrieveReportAndParmsAndGeneratePDF - 08/28/2017 13:38:10.873 (Completed),Completed
PrintServiceRetrieveReportAndParmsAndGeneratePDF,2017-08-28T13:38:00-07:00,PrintServiceRetrieveReportAndParmsAndGeneratePDF - 08/28/2017 13:38:12.175 (Completed),Completed
PrintServiceRetrieveReportAndParmsAndGeneratePDF,2017-08-28T13:38:00-07:00,PrintServiceRetrieveReportAndParmsAndGeneratePDF - 08/28/2017 13:38:12.551 (Completed),Completed
PrintServiceRetrieveReportAndParmsAndGeneratePDF,2017-08-28T13:38:00-07:00,PrintServiceRetrieveReportAndParmsAndGeneratePDF - 08/28/2017 13:38:13.752 (Completed),Completed
PrintServiceRetrieveReportAndParmsAndGeneratePDF,2017-08-28T13:38:00-07:00,PrintServiceRetrieveReportAndParmsAndGeneratePDF - 08/28/2017 13:38:14.085 (Completed),Completed
PrintServiceRetrieveReportAndParmsAndGeneratePDF,2017-08-28T13:38:00-07:00,PrintServiceRetrieveReportAndParmsAndGeneratePDF - 08/28/2017 13:38:14.513 (Completed),Completed
PrintServiceRetrieveReportAndParmsAndGeneratePDF,2017-08-28T13:38:00-07:00,PrintServiceRetrieveReportAndParmsAndGeneratePDF - 08/28/2017 13:38:14.791 (Completed),Completed
PrintServiceRetrieveReportAndParmsAndGeneratePDF,2017-08-28T13:38:00-07:00,PrintServiceRetrieveReportAndParmsAndGeneratePDF - 08/28/2017 13:38:15.172 (Completed),Completed
PrintServiceRetrieveReportAndParmsAndGeneratePDF,2017-08-28T13:38:00-07:00,PrintServiceRetrieveReportAndParmsAndGeneratePDF - 08/28/2017 13:38:16.827 (Completed),Completed
PrintServiceRetrieveReportAndParmsAndGeneratePDF,2017-08-28T13:38:00-07:00,PrintServiceRetrieveReportAndParmsAndGeneratePDF - 08/28/2017 13:38:17.445 (Completed),Completed
PrintServiceRetrieveReportAndParmsAndGeneratePDF,2017-08-28T13:38:00-07:00,PrintServiceRetrieveReportAndParmsAndGeneratePDF - 08/28/2017 13:38:17.755 (Completed),Completed
PrintServiceRetrieveReportAndParmsAndGeneratePDF,2017-08-28T13:38:00-07:00,PrintServiceRetrieveReportAndParmsAndGeneratePDF - 08/28/2017 13:38:18.105 (Completed),Completed
PrintServiceRetrieveReportAndParmsAndGeneratePDF,2017-08-28T13:38:00-07:00,PrintServiceRetrieveReportAndParmsAndGeneratePDF - 08/28/2017 13:38:18.760 (Completed),Completed
PrintServiceRetrieveReportAndParmsAndGeneratePDF,2017-08-28T13:38:00-07:00,PrintServiceRetrieveReportAndParmsAndGeneratePDF - 08/28/2017 13:38:19.034 (Completed),Completed
PrintServiceRetrieveReportAndParmsAndGeneratePDF,2017-08-28T13:38:00-07:00,PrintServiceRetrieveReportAndParmsAndGeneratePDF - 08/28/2017 13:38:19.379 (Completed),Completed
PrintServiceRetrieveReportAndParmsAndGeneratePDF,2017-08-28T13:38:00-07:00,PrintServiceRetrieveReportAndParmsAndGeneratePDF - 08/28/2017 13:38:20.216 (Completed),Completed
PrintServiceRetrieveReportAndParmsAndGeneratePDF,2017-08-28T13:38:00-07:00,PrintServiceRetrieveReportAndParmsAndGeneratePDF - 08/28/2017 13:38:20.693 (Completed),Completed
PrintServiceRetrieveReportAndParmsAndGeneratePDF,2017-08-28T13:38:00-07:00,PrintServiceRetrieveReportAndParmsAndGeneratePDF - 08/28/2017 13:38:20.959 (Completed),Completed
PrintServiceRetrieveReportAndParmsAndGeneratePDF,2017-08-28T13:38:00-07:00,PrintServiceRetrieveReportAndParmsAndGeneratePDF - 08/28/2017 13:38:22.619 (Completed),Completed
PrintServiceRetrieveReportAndParmsAndGeneratePDF,2017-08-28T13:38:00-07:00,PrintServiceRetrieveReportAndParmsAndGeneratePDF - 08/28/2017 13:38:22.991 (Completed),Completed
PrintServiceRetrieveReportAndParmsAndGeneratePDF,2017-08-28T13:38:00-07:00,PrintServiceRetrieveReportAndParmsAndGeneratePDF - 08/28/2017 13:38:23.217 (Completed),Completed
PrintServiceRetrieveReportAndParmsAndGeneratePDF,2017-08-28T13:38:00-07:00,PrintServiceRetrieveReportAndParmsAndGeneratePDF - 08/28/2017 13:38:23.669 (Completed),Completed
PrintServiceRetrieveReportAndParmsAndGeneratePDF,2017-08-28T13:38:00-07:00,PrintServiceRetrieveReportAndParmsAndGeneratePDF - 08/28/2017 13:38:23.959 (Completed),Completed
PrintServiceRetrieveReportAndParmsAndGeneratePDF,2017-08-28T13:38:00-07:00,PrintServiceRetrieveReportAndParmsAndGeneratePDF - 08/28/2017 13:38:24.352 (Completed),Completed
PrintServiceRetrieveReportAndParmsAndGeneratePDF,2017-08-28T13:38:00-07:00,PrintServiceRetrieveReportAndParmsAndGeneratePDF - 08/28/2017 13:38:24.731 (Completed),Completed
PrintServiceRetrieveReportAndParmsAndGeneratePDF,2017-08-28T13:38:00-07:00,PrintServiceRetrieveReportAndParmsAndGeneratePDF - 08/28/2017 13:38:25.004 (Completed),Completed
PrintServiceRetrieveReportAndParmsAndGeneratePDF,2017-08-28T13:38:00-07:00,PrintServiceRetrieveReportAndParmsAndGeneratePDF - 08/28/2017 13:38:25.473 (Completed),Completed
PrintServiceRetrieveReportAndParmsAndGeneratePDF,2017-08-28T13:38:00-07:00,PrintServiceRetrieveReportAndParmsAndGeneratePDF - 08/28/2017 13:38:25.742 (Completed),Completed
PrintServiceRetrieveReportAndParmsAndGeneratePDF,2017-08-28T13:38:00-07:00,PrintServiceRetrieveReportAndParmsAndGeneratePDF - 08/28/2017 13:38:26.071 (Completed),Completed
PrintServiceRetrieveReportAndParmsAndGeneratePDF,2017-08-28T13:38:00-07:00,PrintServiceRetrieveReportAndParmsAndGeneratePDF - 08/28/2017 13:38:26.484 (Completed),Completed
PrintServiceRetrieveReportAndParmsAndGeneratePDF,2017-08-28T13:38:00-07:00,PrintServiceRetrieveReportAndParmsAndGeneratePDF - 08/28/2017 13:38:26.853 (Completed),Completed
PrintServiceRetrieveReportAndParmsAndGeneratePDF,2017-08-28T13:38:00-07:00,PrintServiceRetrieveReportAndParmsAndGeneratePDF - 08/28/2017 13:38:27.337 (Completed),Completed
PrintServiceRetrieveReportAndParmsAndGeneratePDF,2017-08-28T13:38:00-07:00,PrintServiceRetrieveReportAndParmsAndGeneratePDF - 08/28/2017 13:38:27.713 (Completed),Completed
PrintServiceRetrieveReportAndParmsAndGeneratePDF,2017-08-28T13:38:00-07:00,PrintServiceRetrieveReportAndParmsAndGeneratePDF - 08/28/2017 13:38:28.014 (Completed),Completed
PrintServiceRetrieveReportAndParmsAndGeneratePDF,2017-08-28T13:38:00-07:00,PrintServiceRetrieveReportAndParmsAndGeneratePDF - 08/28/2017 13:38:28.679 (Completed),Completed
PrintServiceRetrieveReportAndParmsAndGeneratePDF,2017-08-28T13:38:00-07:00,PrintServiceRetrieveReportAndParmsAndGeneratePDF - 08/28/2017 13:38:29.055 (Completed),Completed
PrintServiceRetrieveReportAndParmsAndGeneratePDF,2017-08-28T13:38:00-07:00,PrintServiceRetrieveReportAndParmsAndGeneratePDF - 08/28/2017 13:38:29.463 (Completed),Completed
PrintServiceRetrieveReportAndParmsAndGeneratePDF,2017-08-28T13:38:00-07:00,PrintServiceRetrieveReportAndParmsAndGeneratePDF - 08/28/2017 13:38:29.942 (Completed),Completed
PrintServiceRetrieveReportAndParmsAndGeneratePDF,2017-08-28T13:38:00-07:00,PrintServiceRetrieveReportAndParmsAndGeneratePDF - 08/28/2017 13:38:30.313 (Completed),Completed
PrintServiceRetrieveReportAndParmsAndGeneratePDF,2017-08-28T13:38:00-07:00,PrintServiceRetrieveReportAndParmsAndGeneratePDF - 08/28/2017 13:38:30.512 (Completed),Completed
PrintServiceRetrieveReportAndParmsAndGeneratePDF,2017-08-28T13:38:00-07:00,PrintServiceRetrieveReportAndParmsAndGeneratePDF - 08/28/2017 13:38:31.724 (Completed),Completed
PrintServiceRetrieveReportAndParmsAndGeneratePDF,2017-08-28T13:38:00-07:00,PrintServiceRetrieveReportAndParmsAndGeneratePDF - 08/28/2017 13:38:31.978 (Completed),Completed
PrintServiceRetrieveReportAndParmsAndGeneratePDF,2017-08-28T13:38:00-07:00,PrintServiceRetrieveReportAndParmsAndGeneratePDF - 08/28/2017 13:38:32.362 (Completed),Completed
PrintServiceRetrieveReportAndParmsAndGeneratePDF,2017-08-28T13:38:00-07:00,PrintServiceRetrieveReportAndParmsAndGeneratePDF - 08/28/2017 13:38:32.666 (Completed),Completed
PrintServiceRetrieveReportAndParmsAndGeneratePDF,2017-08-28T13:38:00-07:00,PrintServiceRetrieveReportAndParmsAndGeneratePDF - 08/28/2017 13:38:33.011 (Completed),Completed
PrintServiceRetrieveReportAndParmsAndGeneratePDF,2017-08-28T13:38:00-07:00,PrintServiceRetrieveReportAndParmsAndGeneratePDF - 08/28/2017 13:38:33.470 (Completed),Completed
PrintServiceRetrieveReportAndParmsAndGeneratePDF,2017-08-28T13:38:00-07:00,PrintServiceRetrieveReportAndParmsAndGeneratePDF - 08/28/2017 13:38:34.141 (Completed),Completed
PrintServiceRetrieveReportAndParmsAndGeneratePDF,2017-08-28T13:38:00-07:00,PrintServiceRetrieveReportAndParmsAndGeneratePDF - 08/28/2017 13:38:34.408 (Completed),Completed
PrintServiceRetrieveReportAndParmsAndGeneratePDF,2017-08-28T13:38:00-07:00,PrintServiceRetrieveReportAndParmsAndGeneratePDF - 08/28/2017 13:38:34.730 (Completed),Completed
PrintServiceRetrieveReportAndParmsAndGeneratePDF,2017-08-28T13:38:00-07:00,PrintServiceRetrieveReportAndParmsAndGeneratePDF - 08/28/2017 13:38:35.348 (Completed),Completed
PrintServiceRetrieveReportAndParmsAndGeneratePDF,2017-08-28T13:38:00-07:00,PrintServiceRetrieveReportAndParmsAndGeneratePDF - 08/28/2017 13:38:35.822 (Completed),Completed
PrintServiceRetrieveReportAndParmsAndGeneratePDF,2017-08-28T13:38:00-07:00,PrintServiceRetrieveReportAndParmsAndGeneratePDF - 08/28/2017 13:38:36.193 (Completed),Completed
PrintServiceRetrieveReportAndParmsAndGeneratePDF,2017-08-28T13:38:00-07:00,PrintServiceRetrieveReportAndParmsAndGeneratePDF - 08/28/2017 13:38:36.495 (Completed),Completed
PrintServiceRetrieveReportAndParmsAndGeneratePDF,2017-08-28T13:38:00-07:00,PrintServiceRetrieveReportAndParmsAndGeneratePDF - 08/28/2017 13:38:37.208 (Completed),Completed
PrintServiceRetrieveReportAndParmsAndGeneratePDF,2017-08-28T13:38:00-07:00,PrintServiceRetrieveReportAndParmsAndGeneratePDF - 08/28/2017 13:38:37.463 (Completed),Completed
PrintServiceRetrieveReportAndParmsAndGeneratePDF,2017-08-28T13:38:00-07:00,PrintServiceRetrieveReportAndParmsAndGeneratePDF - 08/28/2017 13:38:38.040 (Completed),Completed
PrintServiceRetrieveReportAndParmsAndGeneratePDF,2017-08-28T13:38:00-07:00,PrintServiceRetrieveReportAndParmsAndGeneratePDF - 08/28/2017 13:38:38.388 (Completed),Completed
PrintServiceRetrieveReportAndParmsAndGeneratePDF,2017-08-28T13:38:00-07:00,PrintServiceRetrieveReportAndParmsAndGeneratePDF - 08/28/2017 13:38:38.592 (Completed),Completed
PrintServiceRetrieveReportAndParmsAndGeneratePDF,2017-08-28T13:38:00-07:00,PrintServiceRetrieveReportAndParmsAndGeneratePDF - 08/28/2017 13:38:39.186 (Completed),Completed
PrintServiceRetrieveReportAndParmsAndGeneratePDF,2017-08-28T13:38:00-07:00,PrintServiceRetrieveReportAndParmsAndGeneratePDF - 08/28/2017 13:38:39.588 (Completed),Completed
PrintServiceRetrieveReportAndParmsAndGeneratePDF,2017-08-28T13:38:00-07:00,PrintServiceRetrieveReportAndParmsAndGeneratePDF - 08/28/2017 13:38:39.792 (Completed),Completed
PrintServiceRetrieveReportAndParmsAndGeneratePDF,2017-08-28T13:38:00-07:00,PrintServiceRetrieveReportAndParmsAndGeneratePDF - 08/28/2017 13:38:40.085 (Completed),Completed
PrintServiceRetrieveReportAndParmsAndGeneratePDF,2017-08-28T13:38:00-07:00,PrintServiceRetrieveReportAndParmsAndGeneratePDF - 08/28/2017 13:38:40.720 (Completed),Completed
PrintServiceRetrieveReportAndParmsAndGeneratePDF,2017-08-28T13:38:00-07:00,PrintServiceRetrieveReportAndParmsAndGeneratePDF - 08/28/2017 13:38:40.970 (Completed),Completed
PrintServiceRetrieveReportAndParmsAndGeneratePDF,2017-08-28T13:38:00-07:00,PrintServiceRetrieveReportAndParmsAndGeneratePDF - 08/28/2017 13:38:41.313 (Completed),Completed
PrintServiceRetrieveReportAndParmsAndGeneratePDF,2017-08-28T13:38:00-07:00,PrintServiceRetrieveReportAndParmsAndGeneratePDF - 08/28/2017 13:38:41.931 (Completed),Completed
PrintServiceRetrieveReportAndParmsAndGeneratePDF,2017-08-28T13:38:00-07:00,PrintServiceRetrieveReportAndParmsAndGeneratePDF - 08/28/2017 13:38:42.303 (Completed),Completed
PrintServiceRetrieveReportAndParmsAndGeneratePDF,2017-08-28T13:38:00-07:00,PrintServiceRetrieveReportAndParmsAndGeneratePDF - 08/28/2017 13:38:42.590 (Completed),Completed
PrintServiceRetrieveReportAndParmsAndGeneratePDF,2017-08-28T13:38:00-07:00,PrintServiceRetrieveReportAndParmsAndGeneratePDF - 08/28/2017 13:38:43.190 (Completed),Completed
PrintServiceRetrieveReportAndParmsAndGeneratePDF,2017-08-28T13:38:00-07:00,PrintServiceRetrieveReportAndParmsAndGeneratePDF - 08/28/2017 13:38:43.739 (Completed),Completed
PrintServiceRetrieveReportAndParmsAndGeneratePDF,2017-08-28T13:38:00-07:00,PrintServiceRetrieveReportAndParmsAndGeneratePDF - 08/28/2017 13:38:44.075 (Completed),Completed
PrintServiceRetrieveReportAndParmsAndGeneratePDF,2017-08-28T13:38:00-07:00,PrintServiceRetrieveReportAndParmsAndGeneratePDF - 08/28/2017 13:38:44.430 (Completed),Completed
PrintServiceRetrieveReportAndParmsAndGeneratePDF,2017-08-28T13:38:00-07:00,PrintServiceRetrieveReportAndParmsAndGeneratePDF - 08/28/2017 13:38:44.724 (Completed),Completed
PrintServiceRetrieveReportAndParmsAndGeneratePDF,2017-08-28T13:38:00-07:00,PrintServiceRetrieveReportAndParmsAndGeneratePDF - 08/28/2017 13:38:45.049 (Completed),Completed
PrintServiceRetrieveReportAndParmsAndGeneratePDF,2017-08-28T13:38:00-07:00,PrintServiceRetrieveReportAndParmsAndGeneratePDF - 08/28/2017 13:38:45.451 (Completed),Completed
PrintServiceRetrieveReportAndParmsAndGeneratePDF,2017-08-28T13:38:00-07:00,PrintServiceRetrieveReportAndParmsAndGeneratePDF - 08/28/2017 13:38:45.712 (Completed),Completed
PrintServiceRetrieveReportAndParmsAndGeneratePDF,2017-08-28T13:38:00-07:00,PrintServiceRetrieveReportAndParmsAndGeneratePDF - 08/28/2017 13:38:46.209 (Completed),Completed
PrintServiceRetrieveReportAndParmsAndGeneratePDF,2017-08-28T13:38:00-07:00,PrintServiceRetrieveReportAndParmsAndGeneratePDF - 08/28/2017 13:38:46.576 (Completed),Completed
PrintServiceRetrieveReportAndParmsAndGeneratePDF,2017-08-28T13:38:00-07:00,PrintServiceRetrieveReportAndParmsAndGeneratePDF - 08/28/2017 13:38:46.890 (Completed),Completed
PrintServiceRetrieveReportAndParmsAndGeneratePDF,2017-08-28T13:38:00-07:00,PrintServiceRetrieveReportAndParmsAndGeneratePDF - 08/28/2017 13:38:47.161 (Completed),Completed
PrintServiceRetrieveReportAndParmsAndGeneratePDF,2017-08-28T13:38:00-07:00,PrintServiceRetrieveReportAndParmsAndGeneratePDF - 08/28/2017 13:38:47.463 (Completed),Completed
PrintServiceRetrieveReportAndParmsAndGeneratePDF,2017-08-28T13:38:00-07:00,PrintServiceRetrieveReportAndParmsAndGeneratePDF - 08/28/2017 13:38:47.889 (Completed),Completed
PrintServiceRetrieveReportAndParmsAndGeneratePDF,2017-08-28T13:38:00-07:00,PrintServiceRetrieveReportAndParmsAndGeneratePDF - 08/28/2017 13:38:48.247 (Completed),Completed
PrintServiceRetrieveReportAndParmsAndGeneratePDF,2017-08-28T13:38:00-07:00,PrintServiceRetrieveReportAndParmsAndGeneratePDF - 08/28/2017 13:38:50.580 (Completed),Completed
PrintServiceRetrieveReportAndParmsAndGeneratePDF,2017-08-28T13:38:00-07:00,PrintServiceRetrieveReportAndParmsAndGeneratePDF - 08/28/2017 13:38:50.842 (Completed),Completed
PrintServiceRetrieveReportAndParmsAndGeneratePDF,2017-08-28T13:38:00-07:00,PrintServiceRetrieveReportAndParmsAndGeneratePDF - 08/28/2017 13:38:51.220 (Completed),Completed
PrintServiceRetrieveReportAndParmsAndGeneratePDF,2017-08-28T13:38:00-07:00,PrintServiceRetrieveReportAndParmsAndGeneratePDF - 08/28/2017 13:38:51.433 (Completed),Completed
PrintServiceRetrieveReportAndParmsAndGeneratePDF,2017-08-28T13:38:00-07:00,PrintServiceRetrieveReportAndParmsAndGeneratePDF - 08/28/2017 13:38:51.783 (Completed),Completed
PrintServiceRetrieveReportAndParmsAndGeneratePDF,2017-08-28T13:38:00-07:00,PrintServiceRetrieveReportAndParmsAndGeneratePDF - 08/28/2017 13:38:52.033 (Completed),Completed
PrintServiceRetrieveReportAndParmsAndGeneratePDF,2017-08-28T13:38:00-07:00,PrintServiceRetrieveReportAndParmsAndGeneratePDF - 08/28/2017 13:38:54.862 (Completed),Completed
PrintServiceRetrieveReportAndParmsAndGeneratePDF,2017-08-28T13:38:00-07:00,PrintServiceRetrieveReportAndParmsAndGeneratePDF - 08/28/2017 13:38:55.183 (Completed),Completed
PrintServiceRetrieveReportAndParmsAndGeneratePDF,2017-08-28T13:38:00-07:00,PrintServiceRetrieveReportAndParmsAndGeneratePDF - 08/28/2017 13:38:55.509 (Completed),Completed
PrintServiceRetrieveReportAndParmsAndGeneratePDF,2017-08-28T13:38:00-07:00,PrintServiceRetrieveReportAndParmsAndGeneratePDF - 08/28/2017 13:38:56.075 (Completed),Completed
PrintServiceRetrieveReportAndParmsAndGeneratePDF,2017-08-28T13:38:00-07:00,PrintServiceRetrieveReportAndParmsAndGeneratePDF - 08/28/2017 13:38:56.386 (Completed),Completed
PrintServiceRetrieveReportAndParmsAndGeneratePDF,2017-08-28T13:38:00-07:00,PrintServiceRetrieveReportAndParmsAndGeneratePDF - 08/28/2017 13:38:56.670 (Completed),Completed
PrintServiceRetrieveReportAndParmsAndGeneratePDF,2017-08-28T13:38:00-07:00,PrintServiceRetrieveReportAndParmsAndGeneratePDF - 08/28/2017 13:38:57.728 (Completed),Completed
PrintServiceRetrieveReportAndParmsAndGeneratePDF,2017-08-28T13:38:00-07:00,PrintServiceRetrieveReportAndParmsAndGeneratePDF - 08/28/2017 13:38:58.042 (Completed),Completed
PrintServiceRetrieveReportAndParmsAndGeneratePDF,2017-08-28T13:38:00-07:00,PrintServiceRetrieveReportAndParmsAndGeneratePDF - 08/28/2017 13:38:58.436 (Completed),Completed
PrintServiceRetrieveReportAndParmsAndGeneratePDF,2017-08-28T13:38:00-07:00,PrintServiceRetrieveReportAndParmsAndGeneratePDF - 08/28/2017 13:38:58.705 (Completed),Completed
PrintServiceRetrieveReportAndParmsAndGeneratePDF,2017-08-28T13:38:00-07:00,PrintServiceRetrieveReportAndParmsAndGeneratePDF - 08/28/2017 13:38:59.017 (Completed),Completed
PrintServiceRetrieveReportAndParmsAndGeneratePDF,2017-08-28T13:38:00-07:00,PrintServiceRetrieveReportAndParmsAndGeneratePDF - 08/28/2017 13:38:59.337 (Completed),Completed
PrintServiceRetrieveReportAndParmsAndGeneratePDF,2017-08-28T13:38:00-07:00,PrintServiceRetrieveReportAndParmsAndGeneratePDF - 08/28/2017 13:38:59.673 (Completed),Completed
PrintServiceRetrieveReportAndParmsAndGeneratePDF,2017-08-28T13:38:00-07:00,PrintServiceRetrieveReportAndParmsAndGeneratePDF - 08/28/2017 13:38:59.989 (Completed),Completed
PrintServiceRetrieveReportAndParmsAndGeneratePDF,2017-08-28T13:39:00-07:00,PrintServiceRetrieveReportAndParmsAndGeneratePDF - 08/28/2017 13:39:01.560 (Completed),Completed
PrintServiceRetrieveReportAndParmsAndGeneratePDF,2017-08-28T13:39:00-07:00,PrintServiceRetrieveReportAndParmsAndGeneratePDF - 08/28/2017 13:39:01.994 (Completed),Completed
PrintServiceRetrieveReportAndParmsAndGeneratePDF,2017-08-28T13:39:00-07:00,PrintServiceRetrieveReportAndParmsAndGeneratePDF - 08/28/2017 13:39:02.549 (Completed),Completed
PrintServiceRetrieveReportAndParmsAndGeneratePDF,2017-08-28T13:39:00-07:00,PrintServiceRetrieveReportAndParmsAndGeneratePDF - 08/28/2017 13:39:03.165 (Completed),Completed
PrintServiceRetrieveReportAndParmsAndGeneratePDF,2017-08-28T13:39:00-07:00,PrintServiceRetrieveReportAndParmsAndGeneratePDF - 08/28/2017 13:39:03.528 (Completed),Completed
PrintServiceRetrieveReportAndParmsAndGeneratePDF,2017-08-28T13:39:00-07:00,PrintServiceRetrieveReportAndParmsAndGeneratePDF - 08/28/2017 13:39:03.819 (Completed),Completed
PrintServiceRetrieveReportAndParmsAndGeneratePDF,2017-08-28T13:39:00-07:00,PrintServiceRetrieveReportAndParmsAndGeneratePDF - 08/28/2017 13:39:04.120 (Completed),Completed
PrintServiceRetrieveReportAndParmsAndGeneratePDF,2017-08-28T13:39:00-07:00,PrintServiceRetrieveReportAndParmsAndGeneratePDF - 08/28/2017 13:39:04.439 (Completed),Completed
PrintServiceRetrieveReportAndParmsAndGeneratePDF,2017-08-28T13:39:00-07:00,PrintServiceRetrieveReportAndParmsAndGeneratePDF - 08/28/2017 13:39:04.789 (Completed),Completed
PrintServiceRetrieveReportAndParmsAndGeneratePDF,2017-08-28T13:39:00-07:00,PrintServiceRetrieveReportAndParmsAndGeneratePDF - 08/28/2017 13:39:05.072 (Completed),Completed
PrintServiceRetrieveReportAndParmsAndGeneratePDF,2017-08-28T13:39:00-07:00,PrintServiceRetrieveReportAndParmsAndGeneratePDF - 08/28/2017 13:39:05.374 (Completed),Completed
PrintServiceRetrieveReportAndParmsAndGeneratePDF,2017-08-28T13:39:00-07:00,PrintServiceRetrieveReportAndParmsAndGeneratePDF - 08/28/2017 13:39:05.974 (Completed),Completed
PrintServiceRetrieveReportAndParmsAndGeneratePDF,2017-08-28T13:39:00-07:00,PrintServiceRetrieveReportAndParmsAndGeneratePDF - 08/28/2017 13:39:06.500 (Completed),Completed
PrintServiceRetrieveReportAndParmsAndGeneratePDF,2017-08-28T13:39:00-07:00,PrintServiceRetrieveReportAndParmsAndGeneratePDF - 08/28/2017 13:39:07.029 (Completed),Completed
PrintServiceRetrieveReportAndParmsAndGeneratePDF,2017-08-28T13:39:00-07:00,PrintServiceRetrieveReportAndParmsAndGeneratePDF - 08/28/2017 13:39:07.602 (Completed),Completed
PrintServiceRetrieveReportAndParmsAndGeneratePDF,2017-08-28T13:39:00-07:00,PrintServiceRetrieveReportAndParmsAndGeneratePDF - 08/28/2017 13:39:09.102 (Completed),Completed
PrintServiceRetrieveReportAndParmsAndGeneratePDF,2017-08-28T13:39:00-07:00,PrintServiceRetrieveReportAndParmsAndGeneratePDF - 08/28/2017 13:39:09.418 (Completed),Completed
PrintServiceRetrieveReportAndParmsAndGeneratePDF,2017-08-28T13:39:00-07:00,PrintServiceRetrieveReportAndParmsAndGeneratePDF - 08/28/2017 13:39:10.286 (Completed),Completed
PrintServiceRetrieveReportAndParmsAndGeneratePDF,2017-08-28T13:39:00-07:00,PrintServiceRetrieveReportAndParmsAndGeneratePDF - 08/28/2017 13:39:10.528 (Completed),Completed
PrintServiceRetrieveReportAndParmsAndGeneratePDF,2017-08-28T13:39:00-07:00,PrintServiceRetrieveReportAndParmsAndGeneratePDF - 08/28/2017 13:39:10.860 (Completed),Completed
PrintServiceRetrieveReportAndParmsAndGeneratePDF,2017-08-28T13:39:00-07:00,PrintServiceRetrieveReportAndParmsAndGeneratePDF - 08/28/2017 13:39:13.073 (Completed),Completed
PrintServiceRetrieveReportAndParmsAndGeneratePDF,2017-08-28T13:39:00-07:00,PrintServiceRetrieveReportAndParmsAndGeneratePDF - 08/28/2017 13:39:13.375 (Completed),Completed
PrintServiceRetrieveReportAndParmsAndGeneratePDF,2017-08-28T13:39:00-07:00,PrintServiceRetrieveReportAndParmsAndGeneratePDF - 08/28/2017 13:39:13.680 (Completed),Completed
PrintServiceRetrieveReportAndParmsAndGeneratePDF,2017-08-28T13:39:00-07:00,PrintServiceRetrieveReportAndParmsAndGeneratePDF - 08/28/2017 13:39:14.020 (Completed),Completed
PrintServiceRetrieveReportAndParmsAndGeneratePDF,2017-08-28T13:39:00-07:00,PrintServiceRetrieveReportAndParmsAndGeneratePDF - 08/28/2017 13:39:14.317 (Completed),Completed
PrintServiceRetrieveReportAndParmsAndGeneratePDF,2017-08-28T13:39:00-07:00,PrintServiceRetrieveReportAndParmsAndGeneratePDF - 08/28/2017 13:39:14.664 (Completed),Completed
PrintServiceRetrieveReportAndParmsAndGeneratePDF,2017-08-28T13:39:00-07:00,PrintServiceRetrieveReportAndParmsAndGeneratePDF - 08/28/2017 13:39:14.994 (Completed),Completed
PrintServiceRetrieveReportAndParmsAndGeneratePDF,2017-08-28T13:39:00-07:00,PrintServiceRetrieveReportAndParmsAndGeneratePDF - 08/28/2017 13:39:15.395 (Completed),Completed
PrintServiceRetrieveReportAndParmsAndGeneratePDF,2017-08-28T13:39:00-07:00,PrintServiceRetrieveReportAndParmsAndGeneratePDF - 08/28/2017 13:39:15.617 (Completed),Completed
PrintServiceRetrieveReportAndParmsAndGeneratePDF,2017-08-28T13:39:00-07:00,PrintServiceRetrieveReportAndParmsAndGeneratePDF - 08/28/2017 13:39:15.965 (Completed),Completed
PrintServiceRetrieveReportAndParmsAndGeneratePDF,2017-08-28T13:39:00-07:00,PrintServiceRetrieveReportAndParmsAndGeneratePDF - 08/28/2017 13:39:16.352 (Completed),Completed
PrintServiceRetrieveReportAndParmsAndGeneratePDF,2017-08-28T13:39:00-07:00,PrintServiceRetrieveReportAndParmsAndGeneratePDF - 08/28/2017 13:39:16.875 (Completed),Completed
PrintServiceRetrieveReportAndParmsAndGeneratePDF,2017-08-28T13:39:00-07:00,PrintServiceRetrieveReportAndParmsAndGeneratePDF - 08/28/2017 13:39:17.134 (Completed),Completed
PrintServiceRetrieveReportAndParmsAndGeneratePDF,2017-08-28T13:39:00-07:00,PrintServiceRetrieveReportAndParmsAndGeneratePDF - 08/28/2017 13:39:17.504 (Completed),Completed
PrintServiceRetrieveReportAndParmsAndGeneratePDF,2017-08-28T13:39:00-07:00,PrintServiceRetrieveReportAndParmsAndGeneratePDF - 08/28/2017 13:39:18.013 (Completed),Completed
PrintServiceRetrieveReportAndParmsAndGeneratePDF,2017-08-28T13:39:00-07:00,PrintServiceRetrieveReportAndParmsAndGeneratePDF - 08/28/2017 13:39:18.419 (Completed),Completed
PrintServiceRetrieveReportAndParmsAndGeneratePDF,2017-08-28T13:39:00-07:00,PrintServiceRetrieveReportAndParmsAndGeneratePDF - 08/28/2017 13:39:18.699 (Completed),Completed
PrintServiceRetrieveReportAndParmsAndGeneratePDF,2017-08-28T13:39:00-07:00,PrintServiceRetrieveReportAndParmsAndGeneratePDF - 08/28/2017 13:39:19.033 (Completed),Completed
PrintServiceRetrieveReportAndParmsAndGeneratePDF,2017-08-28T13:39:00-07:00,PrintServiceRetrieveReportAndParmsAndGeneratePDF - 08/28/2017 13:39:19.365 (Completed),Completed
PrintServiceRetrieveReportAndParmsAndGeneratePDF,2017-08-28T13:39:00-07:00,PrintServiceRetrieveReportAndParmsAndGeneratePDF - 08/28/2017 13:39:20.000 (Completed),Completed
PrintServiceRetrieveReportAndParmsAndGeneratePDF,2017-08-28T13:39:00-07:00,PrintServiceRetrieveReportAndParmsAndGeneratePDF - 08/28/2017 13:39:20.260 (Completed),Completed
PrintServiceRetrieveReportAndParmsAndGeneratePDF,2017-08-28T13:39:00-07:00,PrintServiceRetrieveReportAndParmsAndGeneratePDF - 08/28/2017 13:39:20.620 (Completed),Completed
PrintServiceRetrieveReportAndParmsAndGeneratePDF,2017-08-28T13:39:00-07:00,PrintServiceRetrieveReportAndParmsAndGeneratePDF - 08/28/2017 13:39:20.925 (Completed),Completed
PrintServiceRetrieveReportAndParmsAndGeneratePDF,2017-08-28T13:39:00-07:00,PrintServiceRetrieveReportAndParmsAndGeneratePDF - 08/28/2017 13:39:21.345 (Completed),Completed
PrintServiceRetrieveReportAndParmsAndGeneratePDF,2017-08-28T13:39:00-07:00,PrintServiceRetrieveReportAndParmsAndGeneratePDF - 08/28/2017 13:39:21.584 (Completed),Completed
PrintServiceRetrieveReportAndParmsAndGeneratePDF,2017-08-28T13:39:00-07:00,PrintServiceRetrieveReportAndParmsAndGeneratePDF - 08/28/2017 13:39:21.919 (Completed),Completed
PrintServiceRetrieveReportAndParmsAndGeneratePDF,2017-08-28T13:39:00-07:00,PrintServiceRetrieveReportAndParmsAndGeneratePDF - 08/28/2017 13:39:24.910 (Completed),Completed
PrintServiceRetrieveReportAndParmsAndGeneratePDF,2017-08-28T13:39:00-07:00,PrintServiceRetrieveReportAndParmsAndGeneratePDF - 08/28/2017 13:39:25.160 (Completed),Completed
PrintServiceRetrieveReportAndParmsAndGeneratePDF,2017-08-28T13:39:00-07:00,PrintServiceRetrieveReportAndParmsAndGeneratePDF - 08/28/2017 13:39:34.401 (Completed),Completed
PrintServiceRetrieveReportAndParmsAndGeneratePDF,2017-08-28T13:39:00-07:00,PrintServiceRetrieveReportAndParmsAndGeneratePDF - 08/28/2017 13:39:35.416 (Completed),Completed
PrintServiceRetrieveReportAndParmsAndGeneratePDF,2017-08-28T13:39:00-07:00,PrintServiceRetrieveReportAndParmsAndGeneratePDF - 08/28/2017 13:39:36.108 (Completed),Completed
PrintServiceRetrieveReportAndParmsAndGeneratePDF,2017-08-28T13:39:00-07:00,PrintServiceRetrieveReportAndParmsAndGeneratePDF - 08/28/2017 13:39:36.386 (Completed),Completed
PrintServiceRetrieveReportAndParmsAndGeneratePDF,2017-08-28T13:39:00-07:00,PrintServiceRetrieveReportAndParmsAndGeneratePDF - 08/28/2017 13:39:37.024 (Completed),Completed
PrintServiceRetrieveReportAndParmsAndGeneratePDF,2017-08-28T13:39:00-07:00,PrintServiceRetrieveReportAndParmsAndGeneratePDF - 08/28/2017 13:39:37.619 (Completed),Completed
PrintServiceRetrieveReportAndParmsAndGeneratePDF,2017-08-28T13:39:00-07:00,PrintServiceRetrieveReportAndParmsAndGeneratePDF - 08/28/2017 13:39:38.046 (Completed),Completed
PrintServiceRetrieveReportAndParmsAndGeneratePDF,2017-08-28T13:39:00-07:00,PrintServiceRetrieveReportAndParmsAndGeneratePDF - 08/28/2017 13:39:38.320 (Completed),Completed
PrintServiceRetrieveReportAndParmsAndGeneratePDF,2017-08-28T13:39:00-07:00,PrintServiceRetrieveReportAndParmsAndGeneratePDF - 08/28/2017 13:39:38.692 (Completed),Completed
PrintServiceRetrieveReportAndParmsAndGeneratePDF,2017-08-28T13:39:00-07:00,PrintServiceRetrieveReportAndParmsAndGeneratePDF - 08/28/2017 13:39:39.094 (Completed),Completed
PrintServiceRetrieveReportAndParmsAndGeneratePDF,2017-08-28T13:39:00-07:00,PrintServiceRetrieveReportAndParmsAndGeneratePDF - 08/28/2017 13:39:39.351 (Completed),Completed
PrintServiceRetrieveReportAndParmsAndGeneratePDF,2017-08-28T13:39:00-07:00,PrintServiceRetrieveReportAndParmsAndGeneratePDF - 08/28/2017 13:39:39.657 (Completed),Completed
PrintServiceRetrieveReportAndParmsAndGeneratePDF,2017-08-28T13:39:00-07:00,PrintServiceRetrieveReportAndParmsAndGeneratePDF - 08/28/2017 13:39:40.051 (Completed),Completed
PrintServiceRetrieveReportAndParmsAndGeneratePDF,2017-08-28T13:39:00-07:00,PrintServiceRetrieveReportAndParmsAndGeneratePDF - 08/28/2017 13:39:40.313 (Completed),Completed
PrintServiceRetrieveReportAndParmsAndGeneratePDF,2017-08-28T13:39:00-07:00,PrintServiceRetrieveReportAndParmsAndGeneratePDF - 08/28/2017 13:39:40.643 (Completed),Completed
PrintServiceRetrieveReportAndParmsAndGeneratePDF,2017-08-28T13:39:00-07:00,PrintServiceRetrieveReportAndParmsAndGeneratePDF - 08/28/2017 13:39:40.965 (Completed),Completed
PrintServiceRetrieveReportAndParmsAndGeneratePDF,2017-08-28T13:39:00-07:00,PrintServiceRetrieveReportAndParmsAndGeneratePDF - 08/28/2017 13:39:41.352 (Completed),Completed
PrintServiceRetrieveReportAndParmsAndGeneratePDF,2017-08-28T13:39:00-07:00,PrintServiceRetrieveReportAndParmsAndGeneratePDF - 08/28/2017 13:39:41.834 (Completed),Completed
PrintServiceRetrieveReportAndParmsAndGeneratePDF,2017-08-28T13:39:00-07:00,PrintServiceRetrieveReportAndParmsAndGeneratePDF - 08/28/2017 13:39:42.172 (Completed),Completed
PrintServiceRetrieveReportAndParmsAndGeneratePDF,2017-08-28T13:39:00-07:00,PrintServiceRetrieveReportAndParmsAndGeneratePDF - 08/28/2017 13:39:42.540 (Completed),Completed
PrintServiceRetrieveReportAndParmsAndGeneratePDF,2017-08-28T13:39:00-07:00,PrintServiceRetrieveReportAndParmsAndGeneratePDF - 08/28/2017 13:39:42.895 (Completed),Completed
PrintServiceRetrieveReportAndParmsAndGeneratePDF,2017-08-28T13:39:00-07:00,PrintServiceRetrieveReportAndParmsAndGeneratePDF - 08/28/2017 13:39:43.186 (Completed),Completed
PrintServiceRetrieveReportAndParmsAndGeneratePDF,2017-08-28T13:39:00-07:00,PrintServiceRetrieveReportAndParmsAndGeneratePDF - 08/28/2017 13:39:43.489 (Completed),Completed
PrintServiceRetrieveReportAndParmsAndGeneratePDF,2017-08-28T13:39:00-07:00,PrintServiceRetrieveReportAndParmsAndGeneratePDF - 08/28/2017 13:39:43.834 (Completed),Completed
PrintServiceRetrieveReportAndParmsAndGeneratePDF,2017-08-28T13:39:00-07:00,PrintServiceRetrieveReportAndParmsAndGeneratePDF - 08/28/2017 13:39:44.110 (Completed),Completed
PrintServiceRetrieveReportAndParmsAndGeneratePDF,2017-08-28T13:39:00-07:00,PrintServiceRetrieveReportAndParmsAndGeneratePDF - 08/28/2017 13:39:44.449 (Completed),Completed
PrintServiceRetrieveReportAndParmsAndGeneratePDF,2017-08-28T13:39:00-07:00,PrintServiceRetrieveReportAndParmsAndGeneratePDF - 08/28/2017 13:39:44.806 (Completed),Completed
PrintServiceRetrieveReportAndParmsAndGeneratePDF,2017-08-28T13:39:00-07:00,PrintServiceRetrieveReportAndParmsAndGeneratePDF - 08/28/2017 13:39:45.313 (Completed),Completed
PrintServiceRetrieveReportAndParmsAndGeneratePDF,2017-08-28T13:39:00-07:00,PrintServiceRetrieveReportAndParmsAndGeneratePDF - 08/28/2017 13:39:45.627 (Completed),Completed
PrintServiceRetrieveReportAndParmsAndGeneratePDF,2017-08-28T13:39:00-07:00,PrintServiceRetrieveReportAndParmsAndGeneratePDF - 08/28/2017 13:39:46.040 (Completed),Completed
PrintServiceRetrieveReportAndParmsAndGeneratePDF,2017-08-28T13:39:00-07:00,PrintServiceRetrieveReportAndParmsAndGeneratePDF - 08/28/2017 13:39:46.716 (Completed),Completed
PrintServiceRetrieveReportAndParmsAndGeneratePDF,2017-08-28T13:39:00-07:00,PrintServiceRetrieveReportAndParmsAndGeneratePDF - 08/28/2017 13:39:47.042 (Completed),Completed
PrintServiceRetrieveReportAndParmsAndGeneratePDF,2017-08-28T13:39:00-07:00,PrintServiceRetrieveReportAndParmsAndGeneratePDF - 08/28/2017 13:39:47.467 (Completed),Completed
PrintServiceRetrieveReportAndParmsAndGeneratePDF,2017-08-28T13:39:00-07:00,PrintServiceRetrieveReportAndParmsAndGeneratePDF - 08/28/2017 13:39:47.783 (Completed),Completed
PrintServiceRetrieveReportAndParmsAndGeneratePDF,2017-08-28T13:39:00-07:00,PrintServiceRetrieveReportAndParmsAndGeneratePDF - 08/28/2017 13:39:48.251 (Completed),Completed
PrintServiceRetrieveReportAndParmsAndGeneratePDF,2017-08-28T13:39:00-07:00,PrintServiceRetrieveReportAndParmsAndGeneratePDF - 08/28/2017 13:39:48.517 (Completed),Completed
PrintServiceRetrieveReportAndParmsAndGeneratePDF,2017-08-28T13:39:00-07:00,PrintServiceRetrieveReportAndParmsAndGeneratePDF - 08/28/2017 13:39:48.891 (Completed),Completed
PrintServiceRetrieveReportAndParmsAndGeneratePDF,2017-08-28T13:39:00-07:00,PrintServiceRetrieveReportAndParmsAndGeneratePDF - 08/28/2017 13:39:49.354 (Completed),Completed
PrintServiceRetrieveReportAndParmsAndGeneratePDF,2017-08-28T13:39:00-07:00,PrintServiceRetrieveReportAndParmsAndGeneratePDF - 08/28/2017 13:39:49.621 (Completed),Completed
PrintServiceRetrieveReportAndParmsAndGeneratePDF,2017-08-28T13:39:00-07:00,PrintServiceRetrieveReportAndParmsAndGeneratePDF - 08/28/2017 13:39:49.958 (Completed),Completed
PrintServiceRetrieveReportAndParmsAndGeneratePDF,2017-08-28T13:39:00-07:00,PrintServiceRetrieveReportAndParmsAndGeneratePDF - 08/28/2017 13:39:50.334 (Completed),Completed
PrintServiceRetrieveReportAndParmsAndGeneratePDF,2017-08-28T13:39:00-07:00,PrintServiceRetrieveReportAndParmsAndGeneratePDF - 08/28/2017 13:39:50.928 (Completed),Completed
PrintServiceRetrieveReportAndParmsAndGeneratePDF,2017-08-28T14:01:00-07:00,PrintServiceRetrieveReportAndParmsAndGeneratePDF - 08/28/2017 14:01:32.641 (Processing),Processing
Retrieval,2017-08-28T01:30:00-07:00,Retrieval - 08/28/2017 01:30:21.914 (Completed),Completed
Retrieval,2017-08-28T01:30:00-07:00,Retrieval - 08/28/2017 01:30:21.921 (Completed),Completed
Retrieval,2017-08-28T01:30:00-07:00,Retrieval - 08/28/2017 01:30:21.929 (Completed),Completed
Retrieval,2017-08-28T01:30:00-07:00,Retrieval - 08/28/2017 01:30:22.027 (Completed),Completed
Retrieval,2017-08-28T12:05:00-07:00,Retrieval - 08/28/2017 12:05:46.317 (Completed),Completed
Retrieval,2017-08-28T12:06:00-07:00,Retrieval - 08/28/2017 12:06:00.090 (Completed),Completed
Retrieval,2017-08-28T12:06:00-07:00,Retrieval - 08/28/2017 12:06:12.286 (Completed),Completed
Retrieval,2017-08-28T12:06:00-07:00,Retrieval - 08/28/2017 12:06:37.499 (Completed),Completed
Retrieval,2017-08-28T12:06:00-07:00,Retrieval - 08/28/2017 12:06:54.039 (Completed),Completed
Schedule Large Reports,2017-08-28T03:00:00-07:00,Schedule Large Reports - 08/28/2017 03:00:28.270 (Completed),Completed
Schedule Large Reports,2017-08-28T04:00:00-07:00,Schedule Large Reports - 08/28/2017 04:00:23.536 (Completed),Completed
Schedule Large Reports,2017-08-28T04:00:00-07:00,Schedule Large Reports - 08/28/2017 04:00:28.536 (Completed),Completed
Schedule Large Reports,2017-08-28T04:30:00-07:00,Schedule Large Reports - 08/28/2017 04:30:23.430 (Completed),Completed
Schedule Large Reports,2017-08-28T04:30:00-07:00,Schedule Large Reports - 08/28/2017 04:30:23.558 (Completed),Completed
Schedule Large Reports,2017-08-28T04:30:00-07:00,Schedule Large Reports - 08/28/2017 04:30:24.044 (Completed),Completed
Schedule Large Reports,2017-08-28T04:45:00-07:00,Schedule Large Reports - 08/28/2017 04:45:24.744 (Completed),Completed
Schedule Large Reports,2017-08-28T05:00:00-07:00,Schedule Large Reports - 08/28/2017 05:00:24.177 (Completed),Completed
Schedule Large Reports,2017-08-28T05:00:00-07:00,Schedule Large Reports - 08/28/2017 05:00:24.422 (Completed),Completed
Schedule Large Reports,2017-08-28T05:00:00-07:00,Schedule Large Reports - 08/28/2017 05:00:24.809 (Completed),Completed
Schedule Large Reports,2017-08-28T05:00:00-07:00,Schedule Large Reports - 08/28/2017 05:00:25.082 (Completed),Completed
Schedule Large Reports,2017-08-28T05:30:00-07:00,Schedule Large Reports - 08/28/2017 05:30:24.958 (Completed),Completed
Schedule Large Reports,2017-08-28T05:30:00-07:00,Schedule Large Reports - 08/28/2017 05:30:25.553 (Completed),Completed
Schedule Large Reports,2017-08-28T06:00:00-07:00,Schedule Large Reports - 08/28/2017 06:00:39.180 (Completed),Completed
Schedule Large Reports,2017-08-28T06:15:00-07:00,Schedule Large Reports - 08/28/2017 06:15:23.168 (Completed),Completed
Schedule Large Reports,2017-08-28T06:15:00-07:00,Schedule Large Reports - 08/28/2017 06:15:24.424 (Completed),Completed
Schedule Large Reports,2017-08-28T06:15:00-07:00,Schedule Large Reports - 08/28/2017 06:15:24.438 (Completed),Completed
Schedule Large Reports,2017-08-28T06:30:00-07:00,Schedule Large Reports - 08/28/2017 06:30:23.132 (Completed),Completed
Schedule Large Reports,2017-08-28T06:30:00-07:00,Schedule Large Reports - 08/28/2017 06:30:33.491 (Completed),Completed
Schedule Large Reports,2017-08-28T06:32:00-07:00,Schedule Large Reports - 08/28/2017 06:32:43.350 (Completed),Completed
Schedule Large Reports,2017-08-28T08:00:00-07:00,Schedule Large Reports - 08/28/2017 08:00:23.369 (Completed),Completed
Schedule Large Reports,2017-08-28T08:00:00-07:00,Schedule Large Reports - 08/28/2017 08:00:23.432 (Completed),Completed
Schedule Large Reports,2017-08-28T08:00:00-07:00,Schedule Large Reports - 08/28/2017 08:00:23.596 (Completed),Completed
Schedule Large Reports,2017-08-28T08:05:00-07:00,Schedule Large Reports - 08/28/2017 08:05:24.639 (Completed),Completed
Schedule Large Reports,2017-08-28T08:13:00-07:00,Schedule Large Reports - 08/28/2017 08:13:31.061 (Completed),Completed
Schedule Large Reports,2017-08-28T09:00:00-07:00,Schedule Large Reports - 08/28/2017 09:00:23.663 (Completed),Completed
Schedule Large Reports,2017-08-28T09:00:00-07:00,Schedule Large Reports - 08/28/2017 09:00:42.716 (Completed),Completed
Schedule Large Reports,2017-08-28T09:29:00-07:00,Schedule Large Reports - 08/28/2017 09:29:30.702 (Completed),Completed
Schedule Large Reports,2017-08-28T10:00:00-07:00,Schedule Large Reports - 08/28/2017 10:00:23.361 (Completed),Completed
Schedule Large Reports,2017-08-28T10:30:00-07:00,Schedule Large Reports - 08/28/2017 10:30:25.937 (Completed),Completed
Schedule Large Reports,2017-08-28T14:00:00-07:00,Schedule Large Reports - 08/28/2017 14:00:26.771 (Completed),Completed
STD-I-Contingent-Worker-Update-IDs,2017-08-28T04:56:00-07:00,STD-I-Contingent-Worker-Update-IDs - 08/28/2017 04:56:53.964 (Completed),Completed
STD-I-Contingent-Worker-Update-IDs,2017-08-28T05:26:00-07:00,STD-I-Contingent-Worker-Update-IDs - 08/28/2017 05:26:52.691 (Completed),Completed
STD-I-Contingent-Worker-Update-IDs,2017-08-28T05:56:00-07:00,STD-I-Contingent-Worker-Update-IDs - 08/28/2017 05:56:59.520 (Completed),Completed
STD-I-Contingent-Worker-Update-IDs,2017-08-28T06:26:00-07:00,STD-I-Contingent-Worker-Update-IDs - 08/28/2017 06:26:53.254 (Completed),Completed
STD-I-Contingent-Worker-Update-IDs,2017-08-28T06:56:00-07:00,STD-I-Contingent-Worker-Update-IDs - 08/28/2017 06:56:53.033 (Completed),Completed
STD-I-Contingent-Worker-Update-IDs,2017-08-28T07:26:00-07:00,STD-I-Contingent-Worker-Update-IDs - 08/28/2017 07:26:52.748 (Completed),Completed
STD-I-Contingent-Worker-Update-IDs,2017-08-28T07:56:00-07:00,STD-I-Contingent-Worker-Update-IDs - 08/28/2017 07:56:53.516 (Completed),Completed
STD-I-Contingent-Worker-Update-IDs,2017-08-28T08:26:00-07:00,STD-I-Contingent-Worker-Update-IDs - 08/28/2017 08:26:59.234 (Completed),Completed
STD-I-Contingent-Worker-Update-IDs,2017-08-28T08:56:00-07:00,STD-I-Contingent-Worker-Update-IDs - 08/28/2017 08:56:52.974 (Completed),Completed
STD-I-Contingent-Worker-Update-IDs,2017-08-28T09:26:00-07:00,STD-I-Contingent-Worker-Update-IDs - 08/28/2017 09:26:52.719 (Completed),Completed
STD-I-Contingent-Worker-Update-IDs,2017-08-28T09:56:00-07:00,STD-I-Contingent-Worker-Update-IDs - 08/28/2017 09:56:53.502 (Completed),Completed
STD-I-Contingent-Worker-Update-IDs,2017-08-28T10:26:00-07:00,STD-I-Contingent-Worker-Update-IDs - 08/28/2017 10:26:53.198 (Completed),Completed
STD-I-Contingent-Worker-Update-IDs,2017-08-28T10:56:00-07:00,STD-I-Contingent-Worker-Update-IDs - 08/28/2017 10:56:52.990 (Completed),Completed
STD-I-Contingent-Worker-Update-IDs,2017-08-28T11:26:00-07:00,STD-I-Contingent-Worker-Update-IDs - 08/28/2017 11:26:52.722 (Completed),Completed
STD-I-Contingent-Worker-Update-IDs,2017-08-28T11:56:00-07:00,STD-I-Contingent-Worker-Update-IDs - 08/28/2017 11:56:53.506 (Completed),Completed
STD-I-Contingent-Worker-Update-IDs,2017-08-28T12:26:00-07:00,STD-I-Contingent-Worker-Update-IDs - 08/28/2017 12:26:52.709 (Completed),Completed
STD-I-Contingent-Worker-Update-IDs,2017-08-28T12:56:00-07:00,STD-I-Contingent-Worker-Update-IDs - 08/28/2017 12:56:53.505 (Completed),Completed
STD-I-Contingent-Worker-Update-IDs,2017-08-28T13:26:00-07:00,STD-I-Contingent-Worker-Update-IDs - 08/28/2017 13:26:53.377 (Completed),Completed
STD-I-Contingent-Worker-Update-IDs,2017-08-28T13:56:00-07:00,STD-I-Contingent-Worker-Update-IDs - 08/28/2017 13:56:53.123 (Completed),Completed
STD-I-PreHire-Get-IDs,2017-08-28T06:38:00-07:00,STD-I-PreHire-Get-IDs - 08/28/2017 06:38:10.815 (Completed),Completed
STD-I-PreHire-Get-IDs,2017-08-28T07:24:00-07:00,STD-I-PreHire-Get-IDs - 08/28/2017 07:24:50.079 (Completed),Completed
STD-I-PreHire-Get-IDs,2017-08-28T08:01:00-07:00,STD-I-PreHire-Get-IDs - 08/28/2017 08:01:42.539 (Completed),Completed
STD-I-PreHire-Get-IDs,2017-08-28T08:25:00-07:00,STD-I-PreHire-Get-IDs - 08/28/2017 08:25:59.990 (Completed),Completed
STD-I-PreHire-Get-IDs,2017-08-28T09:47:00-07:00,STD-I-PreHire-Get-IDs - 08/28/2017 09:47:56.389 (Completed),Completed
STD-I-PreHire-Get-IDs,2017-08-28T11:54:00-07:00,STD-I-PreHire-Get-IDs - 08/28/2017 11:54:31.981 (Completed),Completed
STD-I-PreHire-Get-IDs,2017-08-28T13:10:00-07:00,STD-I-PreHire-Get-IDs - 08/28/2017 13:10:46.701 (Completed),Completed
STD-I-PreHire-Get-IDs,2017-08-28T13:25:00-07:00,STD-I-PreHire-Get-IDs - 08/28/2017 13:25:14.970 (Completed),Completed
STD-I-PreHire-Get-IDs,2017-08-28T13:35:00-07:00,STD-I-PreHire-Get-IDs - 08/28/2017 13:35:25.955 (Completed),Completed
STD-I-PreHire-Get-IDs,2017-08-28T13:41:00-07:00,STD-I-PreHire-Get-IDs - 08/28/2017 13:41:34.839 (Completed),Completed
STD-I-PreHire-Get-IDs,2017-08-28T13:47:00-07:00,STD-I-PreHire-Get-IDs - 08/28/2017 13:47:18.779 (Completed),Completed
STD-I-PreHire-Get-IDs,2017-08-28T13:49:00-07:00,STD-I-PreHire-Get-IDs - 08/28/2017 13:49:00.558 (Completed),Completed
STD-I-PreHire-Get-IDs,2017-08-28T13:50:00-07:00,STD-I-PreHire-Get-IDs - 08/28/2017 13:50:59.287 (Completed),Completed
STD-I-PreHire-Get-IDs,2017-08-28T13:56:00-07:00,STD-I-PreHire-Get-IDs - 08/28/2017 13:56:00.014 (Completed),Completed
STD-I-PreHire-Get-IDs,2017-08-28T13:58:00-07:00,STD-I-PreHire-Get-IDs - 08/28/2017 13:58:29.123 (Completed),Completed
STD-I-PTF-Inactivate-PeriodActivityTasks,2017-08-28T00:00:00-07:00,STD-I-PTF-Inactivate-PeriodActivityTasks - 08/28/2017 00:00:21.577 (Completed),Completed
STD-I-PTF-Inactivate-PeriodActivityTasks,2017-08-28T00:00:00-07:00,STD-I-PTF-Inactivate-PeriodActivityTasks - 08/28/2017 00:00:21.584 (Completed With Errors),Completed With Errors
STD-I-PTF-Inactivate-PeriodActivityTasks,2017-08-28T00:00:00-07:00,STD-I-PTF-Inactivate-PeriodActivityTasks - 08/28/2017 00:00:21.599 (Completed),Completed
STD-I-PTF-Inactivate-PeriodActivityTasks,2017-08-28T00:00:00-07:00,STD-I-PTF-Inactivate-PeriodActivityTasks - 08/28/2017 00:00:21.610 (Completed),Completed
STD-I-PTF-Inactivate-PeriodActivityTasks,2017-08-28T00:00:00-07:00,STD-I-PTF-Inactivate-PeriodActivityTasks - 08/28/2017 00:00:21.638 (Completed),Completed
STD-I-PTF-PeriodActivityPayAssignments,2017-08-28T13:35:00-07:00,STD-I-PTF-PeriodActivityPayAssignments - 08/28/2017 13:35:04.034 (Completed),Completed
STD-I-PTF-UpdateCreate-PeriodActivityTasks,2017-08-28T00:15:00-07:00,STD-I-PTF-UpdateCreate-PeriodActivityTasks - 08/28/2017 00:15:21.583 (Completed With Errors),Completed With Errors
STD-I-PTF-UpdateCreate-PeriodActivityTasks,2017-08-28T00:15:00-07:00,STD-I-PTF-UpdateCreate-PeriodActivityTasks - 08/28/2017 00:15:21.577 (Completed With Errors),Completed With Errors
STD-I-PTF-UpdateCreate-PeriodActivityTasks,2017-08-28T00:15:00-07:00,STD-I-PTF-UpdateCreate-PeriodActivityTasks - 08/28/2017 00:15:21.606 (Completed With Errors),Completed With Errors
STD-I-PTF-UpdateCreate-PeriodActivityTasks,2017-08-28T00:15:00-07:00,STD-I-PTF-UpdateCreate-PeriodActivityTasks - 08/28/2017 00:15:21.617 (Completed With Errors),Completed With Errors
STD-I-PTF-UpdateCreate-PeriodActivityTasks,2017-08-28T00:15:00-07:00,STD-I-PTF-UpdateCreate-PeriodActivityTasks - 08/28/2017 00:15:21.615 (Completed With Errors),Completed With Errors
STD-I-Worker-Update-IDs,2017-08-28T04:56:00-07:00,STD-I-Worker-Update-IDs - 08/28/2017 04:56:53.480 (Completed),Completed
STD-I-Worker-Update-IDs,2017-08-28T05:26:00-07:00,STD-I-Worker-Update-IDs - 08/28/2017 05:26:52.456 (Completed),Completed
STD-I-Worker-Update-IDs,2017-08-28T05:56:00-07:00,STD-I-Worker-Update-IDs - 08/28/2017 05:56:59.293 (Completed),Completed
STD-I-Worker-Update-IDs,2017-08-28T06:26:00-07:00,STD-I-Worker-Update-IDs - 08/28/2017 06:26:52.981 (Completed),Completed
STD-I-Worker-Update-IDs,2017-08-28T06:56:00-07:00,STD-I-Worker-Update-IDs - 08/28/2017 06:56:52.786 (Completed),Completed
STD-I-Worker-Update-IDs,2017-08-28T07:26:00-07:00,STD-I-Worker-Update-IDs - 08/28/2017 07:26:52.515 (Completed),Completed
STD-I-Worker-Update-IDs,2017-08-28T07:56:00-07:00,STD-I-Worker-Update-IDs - 08/28/2017 07:56:53.285 (Completed),Completed
STD-I-Worker-Update-IDs,2017-08-28T08:26:00-07:00,STD-I-Worker-Update-IDs - 08/28/2017 08:26:59.011 (Completed),Completed
STD-I-Worker-Update-IDs,2017-08-28T08:56:00-07:00,STD-I-Worker-Update-IDs - 08/28/2017 08:56:52.755 (Completed),Completed
STD-I-Worker-Update-IDs,2017-08-28T09:26:00-07:00,STD-I-Worker-Update-IDs - 08/28/2017 09:26:52.491 (Completed),Completed
STD-I-Worker-Update-IDs,2017-08-28T09:56:00-07:00,STD-I-Worker-Update-IDs - 08/28/2017 09:56:53.243 (Completed),Completed
STD-I-Worker-Update-IDs,2017-08-28T10:26:00-07:00,STD-I-Worker-Update-IDs - 08/28/2017 10:26:52.974 (Completed),Completed
STD-I-Worker-Update-IDs,2017-08-28T10:56:00-07:00,STD-I-Worker-Update-IDs - 08/28/2017 10:56:52.763 (Completed),Completed
STD-I-Worker-Update-IDs,2017-08-28T11:26:00-07:00,STD-I-Worker-Update-IDs - 08/28/2017 11:26:52.465 (Completed),Completed
STD-I-Worker-Update-IDs,2017-08-28T11:56:00-07:00,STD-I-Worker-Update-IDs - 08/28/2017 11:56:53.265 (Completed),Completed
STD-I-Worker-Update-IDs,2017-08-28T12:26:00-07:00,STD-I-Worker-Update-IDs - 08/28/2017 12:26:52.497 (Completed),Completed
STD-I-Worker-Update-IDs,2017-08-28T12:56:00-07:00,STD-I-Worker-Update-IDs - 08/28/2017 12:56:53.266 (Completed),Completed
STD-I-Worker-Update-IDs,2017-08-28T13:26:00-07:00,STD-I-Worker-Update-IDs - 08/28/2017 13:26:53.135 (Completed),Completed
STD-I-Worker-Update-IDs,2017-08-28T13:56:00-07:00,STD-I-Worker-Update-IDs - 08/28/2017 13:56:52.905 (Completed),Completed
Transformation,2017-08-28T07:21:00-07:00,Transformation - 08/28/2017 07:21:13.745 (Completed),Completed
Transformation,2017-08-28T07:22:00-07:00,Transformation - 08/28/2017 07:22:56.801 (Completed),Completed
Transformation,2017-08-28T10:15:00-07:00,Transformation - 08/28/2017 10:15:58.968 (Completed),Completed
Transformation,2017-08-28T10:17:00-07:00,Transformation - 08/28/2017 10:17:54.784 (Completed),Completed
Transformation,2017-08-28T10:19:00-07:00,Transformation - 08/28/2017 10:19:49.396 (Completed),Completed
Transformation,2017-08-28T10:20:00-07:00,Transformation - 08/28/2017 10:20:47.984 (Completed),Completed
Transformation,2017-08-28T12:58:00-07:00,Transformation - 08/28/2017 12:58:21.944 (Completed),Completed
Transformation,2017-08-28T12:59:00-07:00,Transformation - 08/28/2017 12:59:49.027 (Completed),Completed
Transformation,2017-08-28T13:03:00-07:00,Transformation - 08/28/2017 13:03:13.190 (Completed),Completed
Transformation,2017-08-28T13:04:00-07:00,Transformation - 08/28/2017 13:04:24.193 (Completed),Completed
